0,50.9,0,0.445,0.045,0.005,0,0.935
0,61.2,0,0.06,0.085,0.015,0,0.82
0,61.0,0,0.525,0.54,0.015,0,0.64
0,59.8,0,0.945,0.055,0.025,0,0.935
0,55.3,0,0.82,0.92,0.04,0,0.77
0,59.8,0,0.84,0.52,0.035,0,0.975
0,61.2,0,0.93,0.31,0.03,0,0.92
0,60.6,0,0.925,0.35,0.035,0,0.825
0,60.6,0,0.885,0.48,0.03,0,0.905
0,57.9,0,0.205,0.935,0.01,0,0.695
0,58.2,0,0.215,0.655,0.03,0,0.765
0,61.7,0,0.795,0.18,0.04,0,0.625
0,56.6,0,0.62,0.565,0.04,0,0.53
0,58.7,0,0.26,0.745,0.02,0,0.7
0,61.6,0,0.42,0.265,0.035,0,0.83
0,59.4,0,0.3,0.06,0.015,0,0.88
0,58.9,0,0.075,0.24,0.05,0,0.71
0,53.2,0,0.91,0.93,0.025,0,0.795
0,54.9,0,0.48,0.865,0.015,0,0.555
0,61.8,0,0.325,0.09,0.04,0,0.65
0,52.0,0,0.4,0.875,0.045,0,0.59
0,53.0,0,0.685,0.89,0.05,0,0.62
0,63.5,0,0.58,0.19,0.01,0,0.68
0,60.4,0,0.125,0.04,0.045,0,0.77
0,60.8,0,0.735,0.1,0.03,0,0.975
0,60.6,0,0.48,0.65,0.01,0,0.78
0,59.4,0,0.285,0.05,0.01,0,0.565
0,59.2,0,0.645,0.775,0.01,0,0.75
0,59.1,0,0.27,0.88,0.015,0,0.78
0,55.4,0,0.12,0.66,0.045,0,0.785
0,59.5,0,0.52,0.665,0.025,0,0.95
0,53.7,0,0.085,0.745,0.035,0,0.565
0,57.9,0,0.37,0.755,0.025,0,0.815
0,56.2,0,0.835,0.535,0.05,0,0.555
0,55.1,0,0.2,0.625,0.035,0,0.52
0,61.5,0,0.14,0.235,0.02,0,0.985
0,53.9,0,0.75,0.88,0.045,0,0.665
0,57.0,0,0.2,0.81,0.015,0,0.505
0,60.4,0,0.665,0.545,0.025,0,0.795
0,62.8,0,0.22,0.215,0.015,0,0.79
0,60.0,0,0.78,0.345,0.04,0,0.545
0,59.9,0,0.26,0.395,0.025,0,0.5
0,55.8,0,0.555,0.81,0.045,0,0.945
0,59.0,0,0.455,0.58,0.04,0,0.97
0,60.8,0,0.41,0.395,0.04,0,0.915
0,60.3,0,0.945,0.13,0.04,0,0.97
0,53.8,0,0.005,0.695,0.035,0,0.53
0,60.6,0,0.82,0.27,0.05,0,0.8
0,61.4,0,0.98,0.275,0.04,0,0.605
0,57.8,0,0.06,0.265,0.05,0,0.99
0,52.7,0,0.49,0.875,0.045,0,0.605
0,61.8,0,0.01,0.085,0.02,0,0.56
0,55.9,0,0.755,0.965,0.01,0,0.89
0,58.5,0,0.71,0.56,0.025,0,0.59
0,55.1,0,0.14,0.87,0.035,0,0.65
0,55.0,0,0.135,0.555,0.045,0,0.58
0,57.7,0,0.67,0.755,0.025,0,0.79
0,61.0,0,0.33,0.455,0.015,0,0.58
0,60.8,0,0.68,0.03,0.03,0,0.71
0,55.1,0,0.04,0.02,0.015,0,0.605
0,57.5,0,0.18,0.64,0.035,0,0.8
0,52.7,0,0.45,0.925,0.04,0,0.6
0,60.6,0,0.315,0.835,0.005,0,0.925
1,60.6,0,0.24,0.14,0.025,0,0.985
1,53.9,0,0.75,0.88,0.045,0,0.665
1,58.5,0,0.305,0.545,0.045,0,0.96
1,53.7,0,0.255,0.94,0.035,0,0.74
1,58.2,0,0.115,0.915,0.015,0,0.66
1,56.9,0,0.41,0.985,0.015,0,0.935
1,63.0,0,0.835,0.32,0.005,0,0.685
1,56.2,0,0.835,0.535,0.05,0,0.555
1,54.2,0,0.89,0.97,0.005,0,0.775
1,57.9,0,0.205,0.935,0.01,0,0.695
1,59.1,0,0.12,0.85,0.02,0,0.985
1,61.8,0,0.325,0.09,0.04,0,0.65
1,55.9,0,0.755,0.965,0.01,0,0.89
1,59.0,0,0.455,0.58,0.04,0,0.97
1,61.2,0,0.335,0.06,0.04,0,0.695
1,61.2,0,0.06,0.085,0.015,0,0.82
1,62.2,0,0.295,0.215,0.025,0,0.94
1,57.3,0,0.11,0.975,0.01,0,0.74
1,53.2,0,0.91,0.93,0.025,0,0.795
1,61.6,0,0.42,0.265,0.035,0,0.83
1,57.5,0,0.255,0.45,0.05,0,0.785
1,56.6,0,0.26,0.69,0.025,0,0.5
1,53.5,0,0.935,0.93,0.01,0,0.795
1,60.2,0,0.97,0.05,0.01,0,0.75
1,63.5,0,0.58,0.19,0.01,0,0.68
1,60.4,0,0.205,0.745,0.01,0,0.695
1,60.0,0,0.105,0.54,0.015,0,0.64
1,62.8,0,0.58,0.19,0.01,0,0.87
1,60.9,0,0.625,0.54,0.015,0,0.64
1,62.5,0,0.48,0.46,0.01,0,0.67
1,61.0,0,0.525,0.54,0.015,0,0.64
1,63.0,0,0.755,0.225,0.01,0,0.89
1,61.7,0,0.525,0.295,0.03,0,0.64
1,61.5,0,0.575,0.1,0.05,0,0.665
1,61.8,0,0.63,0.19,0.04,0,0.89
1,60.7,0,0.6,0.54,0.015,0,0.64
1,58.0,0,0.205,0.88,0.015,0,0.695
1,56.4,0,0.805,0.61,0.035,0,0.51
1,60.0,0,0.885,0.345,0.04,0,0.545
1,56.4,0,0.55,0.905,0.005,0,0.585
1,56.5,0,0.26,0.395,0.045,0,0.5
1,60.9,0,0.57,0.255,0.035,0,0.51
1,61.7,0,0.795,0.18,0.04,0,0.625
1,56.9,0,0.835,0.535,0.05,0,0.625
1,60.4,0,0.58,0.395,0.025,0,0.5
1,58.7,0,0.88,0.63,0.01,0,0.5
1,54.0,0,0.37,0.88,0.045,0,0.815
1,58.5,0,0.75,0.755,0.025,0,0.815
1,56.9,0,0.925,0.885,0.015,0,0.725
1,60.0,0,0.78,0.345,0.04,0,0.545
1,62.9,0,0.325,0.19,0.01,0,0.65
1,62.6,0,0.58,0.09,0.04,0,0.65
1,56.0,0,0.37,0.755,0.025,0,0.565
1,50.9,0,0.9,0.015,0.01,0,0.745
1,53.8,0,0.755,0.965,0.025,0,0.5
1,59.9,0,0.26,0.395,0.025,0,0.5
1,55.6,0,0.285,0.58,0.04,0,0.565
1,59.8,0,0.455,0.05,0.01,0,0.565
1,63.0,0,0.28,0.275,0.01,0,0.95
1,57.9,0,0.37,0.755,0.025,0,0.815
1,60.8,0,0.325,0.09,0.04,0,0.88
1,59.4,0,0.3,0.06,0.015,0,0.88
1,59.4,0,0.285,0.05,0.01,0,0.565
2,58.5,0,0.75,0.755,0.025,0,0.815
2,63.0,0,0.785,0.125,0.01,0,0.57
2,55.4,0,0.235,0.58,0.045,0,0.65
2,60.2,0,0.545,0.095,0.005,0,0.655
2,56.2,0,0.835,0.535,0.05,0,0.555
2,60.3,0,0.78,0.395,0.035,0,0.62
2,56.0,0,0.37,0.755,0.025,0,0.565
2,55.9,0,0.755,0.965,0.01,0,0.89
2,55.9,0,0.845,0.845,0.03,0,0.85
2,60.7,0,0.56,0.585,0.005,0,0.555
2,56.6,0,0.595,0.05,0.005,0,0.505
2,53.5,0,0.265,0.975,0.03,0,0.71
2,57.3,0,0.11,0.975,0.01,0,0.74
2,59.9,0,0.47,0.03,0.04,0,0.6
2,50.8,0,0.905,0.94,0.04,0,0.85
2,61.8,0,0.325,0.09,0.04,0,0.65
2,59.4,0,0.3,0.06,0.015,0,0.88
2,61.3,0,0.455,0.04,0.035,0,0.515
2,58.3,0,0.085,0.76,0.005,0,0.585
2,60.6,0,0.24,0.14,0.025,0,0.985
2,55.0,0,0.145,0.845,0.045,0,0.94
2,63.5,0,0.625,0.25,0.015,0,0.64
2,62.3,0,0.45,0.09,0.03,0,0.525
2,60.2,0,0.625,0.54,0.02,0,0.64
2,61.7,0,0.525,0.295,0.03,0,0.64
2,62.8,0,0.3,0.16,0.015,0,0.88
2,61.7,0,0.795,0.18,0.04,0,0.625
2,61.2,0,0.335,0.06,0.04,0,0.695
2,60.9,0,0.455,0.085,0.015,0,0.935
2,62.1,0,0.205,0.745,0.01,0,0.875
2,55.4,0,0.115,0.755,0.025,0,0.515
2,58.0,0,0.305,0.455,0.045,0,0.74
2,58.0,0,0.305,0.545,0.045,0,0.91
2,55.2,0,0.325,0.735,0.04,0,0.65
2,61.2,0,0.06,0.085,0.015,0,0.82
2,60.8,0,0.325,0.09,0.04,0,0.88
2,61.6,0,0.24,0.25,0.025,0,0.985
2,60.9,0,0.625,0.54,0.015,0,0.64
2,58.0,0,0.835,0.535,0.035,0,0.555
2,52.4,0,0.36,0.955,0.035,0,0.555
2,56.8,0,0.65,0.965,0.01,0,0.89
2,60.8,0,0.26,0.275,0.04,0,0.83
2,56.8,0,0.935,0.93,0.01,0,0.695
2,60.4,0,0.205,0.745,0.01,0,0.695
2,59.6,0,0.24,0.14,0.01,0,0.985
2,26.8,0,0.935,0.93,0.025,0,0.985
2,57.9,0,0.11,0.975,0.01,0,0.795
2,53.5,0,0.935,0.93,0.01,0,0.795
2,61.3,0,0.325,0.085,0.015,0,0.88
2,60.4,0,0.06,0.09,0.04,0,0.88
2,54.6,0,0.755,0.965,0.025,0,0.89
2,62.4,0,0.24,0.14,0.01,0,0.89
2,60.9,0,0.28,0.1,0.05,0,0.665
2,61.5,0,0.575,0.1,0.05,0,0.665
2,63.2,0,0.28,0.275,0.01,0,0.96
2,58.5,0,0.305,0.545,0.045,0,0.96
2,60.0,0,0.24,0.14,0.04,0,0.985
2,61.8,0,0.795,0.18,0.025,0,0.985
2,63.0,0,0.75,0.275,0.01,0,0.95
2,63.0,0,0.28,0.275,0.01,0,0.95
2,62.7,0,0.3,0.54,0.015,0,0.88
2,60.0,0,0.625,0.06,0.015,0,0.88
2,61.9,0,0.28,0.14,0.025,0,0.95
3,53.6,0,0.775,0.765,0.05,0,0.55
3,63.2,0,0.28,0.275,0.01,0,0.96
3,55.6,0,0.335,0.72,0.03,0,0.52
3,61.9,0,0.28,0.14,0.025,0,0.95
3,61.1,0,0.67,0.255,0.005,0,0.985
3,57.3,0,0.11,0.975,0.01,0,0.74
3,60.4,0,0.545,0.74,0.01,0,0.88
3,26.8,0,0.935,0.93,0.025,0,0.985
3,61.8,0,0.795,0.18,0.025,0,0.985
3,53.6,0,0.94,0.955,0.04,0,0.61
3,61.7,0,0.525,0.295,0.03,0,0.64
3,63.2,0,0.595,0.175,0.015,0,0.715
3,60.0,0,0.24,0.14,0.04,0,0.985
3,61.8,0,0.565,0.255,0.03,0,0.6
3,60.7,0,0.56,0.585,0.005,0,0.555
3,55.7,0,0.42,0.835,0.005,0,0.51
3,56.2,0,0.1,0.61,0.03,0,0.605
3,54.4,0,0.06,0.575,0.05,0,0.695
3,63.4,0,0.73,0.315,0.005,0,0.87
3,52.8,0,0.975,0.885,0.05,0,0.725
3,55.0,0,0.145,0.845,0.045,0,0.94
3,61.6,0,0.415,0.06,0.015,0,0.65
3,62.2,0,0.34,0.585,0.015,0,0.98
3,59.0,0,0.55,0.58,0.03,0,0.735
3,50.8,0,0.905,0.94,0.04,0,0.85
3,55.8,0,0.935,0.995,0.01,0,0.695
3,61.7,0,0.24,0.14,0.04,0,0.845
3,51.3,0,0.125,0.005,0.05,0,0.535
3,60.7,0,0.24,0.25,0.035,0,0.985
3,58.5,0,0.75,0.755,0.025,0,0.815
3,60.6,0,0.24,0.14,0.025,0,0.985
3,56.2,0,0.11,0.985,0.01,0,0.74
3,25.9,0,0.935,0.98,0.025,0,0.985
3,62.6,0,0.525,0.09,0.03,0,0.555
3,58.0,0,0.305,0.545,0.045,0,0.91
3,59.9,0,0.13,0.775,0.015,0,0.77
3,56.8,0,0.935,0.93,0.01,0,0.695
3,58.9,0,0.485,0.455,0.045,0,0.75
3,61.7,0,0.11,0.17,0.03,0,0.74
3,55.7,0,0.24,0.14,0.005,0,0.985
3,58.4,0,0.895,0.545,0.045,0,0.91
3,57.6,0,0.585,0.535,0.045,0,0.67
3,61.3,0,0.145,0.93,0.01,0,0.94
3,45.2,0,0.935,0.845,0.045,0,0.94
3,60.1,0,0.525,0.295,0.045,0,0.64
3,55.3,0,0.145,0.845,0.03,0,0.64
3,62.7,0,0.305,0.16,0.015,0,0.88
3,62.8,0,0.3,0.16,0.015,0,0.88
3,62.0,0,0.625,0.115,0.045,0,0.605
3,58.0,0,0.305,0.455,0.045,0,0.74
3,63.0,0,0.785,0.125,0.01,0,0.57
3,60.6,0,0.47,0.03,0.04,0,0.57
3,59.9,0,0.47,0.03,0.04,0,0.6
3,61.7,0,0.525,0.295,0.03,0,0.6
3,62.9,0,0.9,0.325,0.01,0,0.62
3,61.6,0,0.24,0.25,0.025,0,0.985
3,30.2,0,0.935,0.845,0.025,0,0.985
3,56.8,0,0.145,0.93,0.025,0,0.985
3,62.5,0,0.11,0.16,0.015,0,0.74
3,56.9,0,0.3,0.975,0.01,0,0.74
3,59.3,0,0.145,0.76,0.005,0,0.585
3,58.3,0,0.085,0.76,0.005,0,0.585
3,58.6,0,0.795,0.18,0.005,0,0.985
4,62.7,0,0.305,0.16,0.015,0,0.88
4,62.8,0,0.3,0.16,0.015,0,0.88
4,57.0,0,0.515,0.84,0.02,0,0.77
4,62.2,0,0.465,0.345,0.02,0,0.71
4,59.0,0,0.55,0.58,0.03,0,0.735
4,55.8,0,0.935,0.995,0.01,0,0.695
4,54.2,0,0.7,0.965,0.04,0,0.785
4,62.9,0,0.9,0.325,0.01,0,0.62
4,59.4,0,0.48,0.825,0.005,0,0.995
4,60.3,0,0.605,0.58,0.02,0,0.8
4,59.6,0,0.005,0.58,0.01,0,0.635
4,59.9,0,0.13,0.775,0.015,0,0.77
4,61.6,0,0.415,0.06,0.015,0,0.65
4,63.2,0,0.595,0.175,0.015,0,0.715
4,61.5,0,0.37,0.25,0.01,0,0.99
4,61.7,0,0.525,0.295,0.03,0,0.6
4,62.0,0,0.625,0.115,0.045,0,0.605
4,56.5,0,0.805,0.86,0.005,0,0.92
4,54.4,0,0.46,0.965,0.035,0,0.79
4,56.5,0,0.015,0.34,0.045,0,0.535
4,53.6,0,0.94,0.955,0.04,0,0.61
4,63.0,0,0.785,0.125,0.01,0,0.57
4,60.7,0,0.56,0.585,0.005,0,0.555
4,59.6,0,0.24,0.14,0.01,0,0.985
4,60.3,0,0.55,0.58,0.03,0,0.95
4,58.0,0,0.3,0.755,0.025,0,0.815
4,61.9,0,0.595,0.38,0.025,0,0.715
4,62.7,0,0.785,0.115,0.01,0,0.57
4,61.4,0,0.11,0.41,0.01,0,0.57
4,50.5,0,0.935,0.995,0.01,0,0.785
4,62.6,0,0.45,0.16,0.015,0,0.88
4,63.3,0,0.915,0.125,0.01,0,0.57
4,61.8,0,0.455,0.215,0.005,0,0.895
4,61.8,0,0.305,0.16,0.015,0,0.98
4,61.8,0,0.35,0.075,0.02,0,0.59
4,61.7,0,0.01,0.125,0.01,0,0.57
4,56.0,0,0.335,0.66,0.03,0,0.52
4,60.0,0,0.13,0.775,0.015,0,0.995
4,39.2,0,0.975,0.78,0.02,0,0.955
4,62.9,0,0.785,0.125,0.01,0,0.64
4,62.5,0,0.525,0.295,0.03,0,0.955
4,57.9,0,0.525,0.59,0.03,0,0.6
4,61.2,0,0.305,0.115,0.045,0,0.88
4,62.6,0,0.625,0.16,0.015,0,0.88
4,57.3,0,0.13,0.775,0.015,0,0.57
4,53.4,0,0.31,0.985,0.045,0,0.84
4,61.0,0,0.47,0.14,0.04,0,0.985
4,60.0,0,0.24,0.14,0.04,0,0.985
4,60.7,0,0.47,0.03,0.04,0,0.52
4,55.6,0,0.335,0.72,0.03,0,0.52
4,50.8,0,0.905,0.94,0.04,0,0.85
4,61.8,0,0.785,0.125,0.01,0,0.85
4,53.3,0,0.94,0.955,0.04,0,0.6
4,61.8,0,0.565,0.255,0.03,0,0.6
4,63.2,0,0.595,0.175,0.015,0,0.815
4,58.5,0,0.75,0.755,0.025,0,0.815
4,53.8,0,0.935,0.995,0.01,0,0.74
4,56.9,0,0.3,0.975,0.01,0,0.74
4,62.6,0,0.785,0.14,0.01,0,0.57
4,62.2,0,0.24,0.125,0.01,0,0.57
4,61.7,0,0.625,0.115,0.045,0,0.57
4,60.6,0,0.47,0.03,0.04,0,0.57
4,62.1,0,0.13,0.325,0.01,0,0.62
5,62.4,0,0.155,0.57,0.005,0,0.755
5,62.7,0,0.305,0.16,0.015,0,0.88
5,61.7,0,0.625,0.115,0.045,0,0.57
5,62.2,0,0.21,0.74,0.015,0,0.955
5,62.0,0,0.625,0.115,0.045,0,0.605
5,53.8,0,0.935,0.995,0.01,0,0.74
5,56.0,0,0.07,0.465,0.045,0,0.62
5,55.9,0,0.95,0.97,0.01,0,0.565
5,61.9,0,0.595,0.38,0.025,0,0.715
5,59.7,0,0.675,0.475,0.045,0,0.86
5,54.4,0,0.46,0.965,0.035,0,0.79
5,53.9,0,0.05,0.01,0.045,0,0.685
5,39.2,0,0.975,0.78,0.02,0,0.955
5,63.7,0,0.575,0.45,0.01,0,0.95
5,57.0,0,0.48,0.655,0.05,0,0.92
5,58.5,0,0.75,0.755,0.025,0,0.815
5,63.2,0,0.595,0.175,0.015,0,0.715
5,53.6,0,0.575,0.87,0.045,0,0.675
5,60.3,0,0.025,0.255,0.025,0,0.525
5,61.3,0,0.185,0.21,0.035,0,0.825
5,57.3,0,0.13,0.775,0.015,0,0.57
5,62.8,0,0.06,0.57,0.005,0,0.845
5,62.4,0,0.24,0.14,0.01,0,0.55
5,60.9,0,0.45,0.16,0.05,0,0.77
5,57.6,0,0.13,0.775,0.025,0,0.75
5,62.4,0,0.44,0.295,0.02,0,0.755
5,56.4,0,0.595,0.895,0.025,0,0.795
5,61.8,0,0.585,0.38,0.025,0,0.715
5,59.8,0,0.725,0.11,0.005,0,0.8
5,56.4,0,0.24,0.635,0.05,0,0.985
5,61.7,0,0.87,0.115,0.045,0,0.88
5,39.3,0,0.975,0.78,0.015,0,0.955
5,52.7,0,0.85,0.005,0.045,0,0.545
5,61.5,0,0.9,0.325,0.02,0,0.62
5,61.8,0,0.24,0.14,0.03,0,0.57
5,61.6,0,0.415,0.06,0.015,0,0.65
5,63.7,0,0.315,0.325,0.01,0,0.905
5,61.2,0,0.305,0.115,0.045,0,0.88
5,59.5,0,0.13,0.55,0.015,0,0.57
5,61.0,0,0.43,0.16,0.05,0,0.88
5,53.0,0,0.96,0.965,0.035,0,0.51
5,61.4,0,0.625,0.115,0.045,0,0.625
5,63.2,0,0.595,0.115,0.015,0,0.715
5,63.8,0,0.625,0.175,0.015,0,0.715
5,59.6,0,0.45,0.775,0.015,0,0.88
5,62.5,0,0.13,0.16,0.015,0,0.88
5,63.1,0,0.625,0.16,0.015,0,0.57
5,61.0,0,0.305,0.115,0.045,0,0.57
5,59.6,0,0.24,0.14,0.01,0,0.985
5,59.6,0,0.9,0.325,0.04,0,0.985
5,45.0,0,0.935,0.995,0.01,0,0.88
5,60.1,0,0.185,0.695,0.005,0,0.58
5,62.6,0,0.625,0.16,0.015,0,0.88
5,62.6,0,0.45,0.16,0.015,0,0.88
5,61.6,0,0.625,0.115,0.045,0,0.62
5,62.9,0,0.9,0.325,0.01,0,0.62
5,63.2,0,0.625,0.14,0.01,0,0.57
5,62.6,0,0.785,0.14,0.01,0,0.57
5,47.3,0,0.94,0.645,0.005,0,0.965
5,61.8,0,0.785,0.125,0.01,0,0.85
5,60.0,0,0.9,0.325,0.01,0,0.985
5,60.0,0,0.24,0.14,0.04,0,0.985
5,60.2,0,0.305,0.16,0.01,0,0.985
6,61.0,0,0.68,0.28,0.04,0,0.625
6,54.9,0,0.0,0.89,0.02,0,0.515
6,63.8,0,0.625,0.175,0.015,0,0.715
6,63.6,0,0.94,0.175,0.02,0,0.585
6,39.2,0,0.975,0.78,0.02,0,0.955
6,63.7,0,0.315,0.325,0.01,0,0.905
6,59.3,0,0.98,0.425,0.04,0,0.58
6,62.5,0,0.21,0.245,0.01,0,0.645
6,61.4,0,0.625,0.115,0.045,0,0.625
6,58.3,0,0.81,0.645,0.035,0,0.775
6,56.6,0,0.42,0.79,0.03,0,0.845
6,57.8,0,0.98,0.22,0.04,0,0.975
6,61.5,0,0.685,0.145,0.05,0,0.73
6,62.9,0,0.9,0.325,0.01,0,0.62
6,61.8,0,0.585,0.38,0.025,0,0.715
6,62.5,0,0.13,0.16,0.015,0,0.88
6,58.0,0,0.73,0.74,0.005,0,0.565
6,59.7,0,0.935,0.585,0.02,0,0.68
6,62.0,0,0.625,0.115,0.045,0,0.605
6,59.8,0,0.04,0.255,0.04,0,0.85
6,57.3,0,0.395,0.86,0.01,0,0.735
6,61.2,0,0.65,0.38,0.025,0,0.6
6,58.4,0,0.21,0.495,0.045,0,0.955
6,56.7,0,0.455,0.045,0.01,0,0.84
6,61.5,0,0.625,0.115,0.045,0,0.865
6,47.4,0,0.965,0.81,0.045,0,0.895
6,62.5,0,0.245,0.115,0.025,0,0.62
6,53.1,0,0.0,0.925,0.04,0,0.71
6,57.4,0,0.13,0.745,0.035,0,0.88
6,60.8,0,0.24,0.14,0.03,0,0.945
6,40.6,0,0.975,0.92,0.02,0,0.905
6,63.6,0,0.315,0.325,0.005,0,0.905
6,53.8,0,0.935,0.995,0.01,0,0.74
6,60.0,0,0.9,0.325,0.01,0,0.985
6,51.8,0,0.935,0.99,0.045,0,0.74
6,61.1,0,0.875,0.065,0.015,0,0.88
6,63.3,0,0.9,0.325,0.01,0,0.695
6,59.5,0,0.21,0.17,0.05,0,0.955
6,60.4,0,0.45,0.7,0.015,0,0.935
6,61.3,0,0.935,0.07,0.01,0,0.74
6,60.8,0,0.155,0.84,0.01,0,0.82
6,58.0,0,0.21,0.74,0.015,0,0.615
6,62.3,0,0.13,0.16,0.025,0,0.88
6,63.3,0,0.585,0.38,0.015,0,0.88
6,61.0,0,0.875,0.305,0.035,0,0.56
6,61.8,0,0.24,0.14,0.03,0,0.57
6,61.6,0,0.625,0.175,0.015,0,0.985
6,59.6,0,0.9,0.325,0.04,0,0.985
6,63.0,0,0.625,0.115,0.015,0,0.62
6,60.4,0,0.13,0.16,0.045,0,0.62
6,62.3,0,0.9,0.325,0.015,0,0.955
6,62.2,0,0.21,0.74,0.015,0,0.955
6,61.2,0,0.45,0.16,0.045,0,0.88
6,62.3,0,0.625,0.115,0.015,0,0.88
6,61.8,0,0.315,0.325,0.015,0,0.57
6,57.3,0,0.13,0.775,0.015,0,0.57
6,62.6,0,0.24,0.14,0.02,0,0.57
6,56.0,0,0.975,0.78,0.03,0,0.57
6,62.0,0,0.24,0.14,0.03,0,0.88
6,62.6,0,0.45,0.16,0.015,0,0.88
6,61.5,0,0.665,0.21,0.04,0,0.63
6,61.7,0,0.87,0.115,0.045,0,0.88
6,61.6,0,0.625,0.115,0.045,0,0.62
7,60.7,0,0.62,0.37,0.03,0,0.595
7,59.5,0,0.185,0.575,0.025,0,0.735
7,61.4,0,0.2,0.175,0.04,0,0.905
7,58.4,0,0.21,0.495,0.045,0,0.955
7,53.8,0,0.935,0.995,0.01,0,0.74
7,60.6,0,0.93,0.625,0.01,0,0.775
7,56.5,0,0.835,0.77,0.02,0,0.545
7,60.0,0,0.9,0.325,0.01,0,0.985
7,57.3,0,0.395,0.86,0.01,0,0.735
7,61.2,0,0.75,0.485,0.01,0,0.635
7,55.1,0,0.08,0.875,0.04,0,0.88
7,60.8,0,0.24,0.14,0.03,0,0.945
7,57.9,0,0.96,0.5,0.05,0,0.865
7,56.6,0,0.835,0.89,0.025,0,0.785
7,63.8,0,0.625,0.175,0.015,0,0.715
7,62.5,0,0.05,0.285,0.01,0,0.77
7,59.9,0,0.275,0.275,0.04,0,0.57
7,58.3,0,0.295,0.46,0.04,0,0.715
7,62.5,0,0.245,0.115,0.025,0,0.62
7,58.7,0,0.065,0.615,0.03,0,0.94
7,61.0,0,0.68,0.28,0.04,0,0.625
7,59.5,0,0.18,0.65,0.025,0,0.845
7,62.7,0,0.96,0.155,0.035,0,0.775
7,53.5,0,0.875,0.995,0.035,0,0.74
7,62.7,0,0.855,0.36,0.005,0,0.75
7,61.8,0,0.24,0.14,0.03,0,0.57
7,61.4,0,0.625,0.115,0.045,0,0.625
7,57.4,0,0.295,0.74,0.035,0,0.985
7,59.5,0,0.21,0.17,0.05,0,0.955
7,57.8,0,0.21,0.495,0.045,0,0.985
7,57.2,0,0.085,0.39,0.05,0,0.81
7,63.0,0,0.65,0.14,0.03,0,0.805
7,61.8,0,0.585,0.38,0.025,0,0.715
7,59.0,0,0.245,0.025,0.025,0,0.62
7,60.9,0,0.625,0.115,0.045,0,0.925
7,58.4,0,0.935,0.07,0.01,0,0.93
7,61.8,0,0.325,0.14,0.03,0,0.57
7,55.3,0,0.785,0.905,0.04,0,0.76
7,61.9,0,0.125,0.14,0.03,0,0.84
7,62.3,0,0.1,0.175,0.015,0,0.715
7,62.6,0,0.245,0.115,0.025,0,0.515
7,62.0,0,0.625,0.115,0.045,0,0.605
7,61.3,0,0.935,0.07,0.01,0,0.74
7,60.1,0,0.21,0.17,0.05,0,0.74
7,61.8,0,0.9,0.325,0.01,0,0.955
7,62.3,0,0.9,0.325,0.015,0,0.955
7,58.6,0,0.395,0.445,0.045,0,0.71
7,59.8,0,0.04,0.255,0.04,0,0.85
7,62.0,0,0.24,0.14,0.03,0,0.585
7,63.6,0,0.94,0.175,0.02,0,0.585
7,57.2,0,0.245,0.745,0.035,0,0.88
7,57.4,0,0.13,0.745,0.035,0,0.88
7,62.7,0,0.24,0.38,0.015,0,0.945
7,62.0,0,0.585,0.14,0.03,0,0.945
7,59.4,0,0.785,0.505,0.045,0,0.98
7,61.2,0,0.9,0.325,0.03,0,0.945
7,45.0,0,0.935,0.995,0.01,0,0.88
7,63.3,0,0.585,0.38,0.015,0,0.88
7,60.5,0,0.21,0.17,0.045,0,0.955
7,57.6,0,0.21,0.495,0.05,0,0.955
7,60.2,0,0.24,0.325,0.03,0,0.57
7,62.5,0,0.9,0.14,0.03,0,0.57
7,61.5,0,0.24,0.14,0.01,0,0.945
8,61.4,0,0.625,0.115,0.045,0,0.625
8,58.4,0,0.785,0.48,0.05,0,0.72
8,59.9,0,0.55,0.665,0.02,0,0.91
8,62.0,0,0.24,0.14,0.03,0,0.585
8,52.2,0,0.015,0.935,0.05,0,0.81
8,60.8,0,0.325,0.255,0.03,0,0.51
8,61.1,0,0.98,0.235,0.05,0,0.77
8,61.2,0,0.165,0.29,0.03,0,0.98
8,61.7,0,0.315,0.12,0.04,0,0.695
8,61.8,0,0.82,0.115,0.045,0,0.53
8,53.9,0,0.995,0.965,0.005,0,0.695
8,54.0,0,0.79,0.715,0.045,0,0.995
8,62.0,0,0.37,0.345,0.03,0,0.845
8,61.0,0,0.68,0.28,0.04,0,0.625
8,62.3,0,0.9,0.325,0.015,0,0.955
8,62.7,0,0.24,0.38,0.015,0,0.945
8,60.7,0,0.62,0.37,0.03,0,0.595
8,61.7,0,0.375,0.61,0.005,0,0.745
8,59.4,0,0.785,0.505,0.045,0,0.98
8,62.0,0,0.625,0.115,0.045,0,0.605
8,59.5,0,0.18,0.65,0.025,0,0.845
8,58.4,0,0.935,0.07,0.01,0,0.93
8,61.3,0,0.935,0.07,0.01,0,0.74
8,61.5,0,0.24,0.36,0.03,0,0.97
8,61.9,0,0.24,0.14,0.03,0,0.645
8,61.4,0,0.385,0.14,0.03,0,0.95
8,61.2,0,0.24,0.38,0.03,0,0.945
8,61.1,0,0.9,0.14,0.05,0,0.57
8,59.5,0,0.255,0.465,0.03,0,0.69
8,62.3,0,0.855,0.36,0.02,0,0.75
8,59.6,0,0.37,0.045,0.045,0,0.865
8,62.3,0,0.24,0.14,0.03,0,0.85
8,61.2,0,0.445,0.28,0.035,0,0.625
8,63.1,0,0.04,0.38,0.005,0,0.945
8,57.4,0,0.9,0.78,0.005,0,0.57
8,63.6,0,0.415,0.38,0.015,0,0.945
8,63.8,0,0.59,0.325,0.015,0,0.955
8,61.9,0,0.735,0.14,0.03,0,0.97
8,57.6,0,0.21,0.495,0.05,0,0.955
8,61.5,0,0.24,0.14,0.03,0,0.52
8,60.8,0,0.76,0.07,0.01,0,0.74
8,62.3,0,0.9,0.14,0.03,0,0.875
8,62.9,0,0.625,0.36,0.005,0,0.625
8,62.0,0,0.855,0.115,0.045,0,0.625
8,62.5,0,0.9,0.325,0.015,0,0.57
8,61.8,0,0.24,0.14,0.03,0,0.57
8,61.2,0,0.935,0.07,0.01,0,0.75
8,62.7,0,0.855,0.36,0.005,0,0.75
8,62.0,0,0.65,0.14,0.04,0,0.805
8,62.9,0,0.68,0.28,0.03,0,0.805
8,62.5,0,0.62,0.14,0.03,0,0.595
8,59.7,0,0.24,0.37,0.03,0,0.595
8,62.8,0,0.9,0.325,0.015,0,0.805
8,63.0,0,0.65,0.14,0.03,0,0.805
8,62.2,0,0.24,0.325,0.01,0,0.57
8,62.5,0,0.9,0.14,0.03,0,0.57
8,58.2,0,0.625,0.115,0.01,0,0.985
8,60.0,0,0.9,0.325,0.01,0,0.985
8,61.3,0,0.785,0.28,0.045,0,0.98
8,59.9,0,0.68,0.505,0.045,0,0.98
8,57.0,0,0.18,0.65,0.025,0,0.62
8,59.0,0,0.245,0.025,0.025,0,0.62
8,61.3,0,0.24,0.38,0.015,0,0.585
9,61.2,0,0.445,0.28,0.035,0,0.625
9,60.8,0,0.15,0.525,0.01,0,0.555
9,62.7,0,0.855,0.36,0.005,0,0.75
9,59.9,0,0.665,0.435,0.03,0,0.6
9,62.9,0,0.975,0.155,0.01,0,0.79
9,63.0,0,0.33,0.37,0.02,0,0.855
9,59.7,0,0.24,0.37,0.03,0,0.595
9,61.9,0,0.24,0.14,0.03,0,0.645
9,62.9,0,0.68,0.28,0.03,0,0.805
9,56.0,0,0.035,0.585,0.04,0,0.775
9,56.4,0,0.465,0.59,0.04,0,0.555
9,59.9,0,0.55,0.665,0.02,0,0.91
9,58.1,0,0.735,0.675,0.03,0,0.77
9,60.5,0,0.17,0.895,0.01,0,0.78
9,57.6,0,0.21,0.495,0.05,0,0.955
9,57.0,0,0.06,0.94,0.03,0,0.915
9,57.7,0,0.37,0.72,0.03,0,0.775
9,54.0,0,0.175,0.01,0.05,0,0.75
9,60.8,0,0.21,0.055,0.02,0,0.82
9,60.8,0,0.76,0.07,0.01,0,0.74
9,62.8,0,0.9,0.325,0.015,0,0.805
9,61.7,0,0.415,0.135,0.015,0,0.945
9,62.7,0,0.68,0.28,0.015,0,0.89
9,62.0,0,0.625,0.115,0.045,0,0.605
9,61.3,0,0.475,0.115,0.045,0,0.625
9,60.4,0,0.625,0.37,0.03,0,0.595
9,62.5,0,0.9,0.14,0.03,0,0.57
9,61.0,0,0.68,0.28,0.04,0,0.625
9,61.4,0,0.68,0.28,0.03,0,0.575
9,61.7,0,0.68,0.28,0.04,0,0.95
9,60.2,0,0.24,0.325,0.03,0,0.57
9,62.8,0,0.945,0.325,0.015,0,0.805
9,62.3,0,0.075,0.57,0.01,0,0.83
9,55.8,0,0.53,0.89,0.03,0,0.79
9,59.3,0,0.95,0.38,0.015,0,0.945
9,60.3,0,0.855,0.645,0.005,0,0.75
9,62.6,0,0.24,0.37,0.01,0,0.595
9,57.3,0,0.68,0.63,0.045,0,0.805
9,61.2,0,0.245,0.31,0.025,0,0.62
9,58.6,0,0.55,0.665,0.02,0,0.59
9,55.9,0,0.735,0.78,0.03,0,0.58
9,62.2,0,0.24,0.325,0.01,0,0.57
9,58.8,0,0.24,0.025,0.025,0,0.62
9,59.0,0,0.245,0.025,0.025,0,0.62
9,59.8,0,0.68,0.07,0.01,0,0.805
9,62.3,0,0.76,0.28,0.03,0,0.805
9,60.6,0,0.68,0.28,0.04,0,0.595
9,60.7,0,0.62,0.37,0.03,0,0.595
9,61.5,0,0.24,0.38,0.01,0,0.57
9,62.9,0,0.415,0.325,0.01,0,0.57
9,61.2,0,0.165,0.29,0.03,0,0.98
9,62.8,0,0.24,0.325,0.01,0,0.98
9,62.3,0,0.625,0.115,0.03,0,0.605
9,61.2,0,0.24,0.14,0.045,0,0.605
9,52.5,0,0.595,0.99,0.04,0,0.585
9,62.0,0,0.855,0.115,0.045,0,0.625
9,58.8,0,0.445,0.495,0.035,0,0.625
9,60.5,0,0.21,0.28,0.035,0,0.625
9,60.5,0,0.625,0.115,0.045,0,0.98
9,53.3,0,0.305,0.935,0.025,0,0.505
9,59.9,0,0.68,0.505,0.045,0,0.98
9,52.4,0,0.245,0.025,0.025,0,0.98
9,63.6,0,0.415,0.38,0.015,0,0.945
10,59.7,0,0.885,0.03,0.02,0,0.74
10,53.9,0,0.645,0.755,0.05,0,0.58
10,58.2,0,0.875,0.57,0.01,0,0.98
10,61.0,0,0.68,0.28,0.04,0,0.625
10,56.5,0,0.1,0.435,0.05,0,0.995
10,61.5,0,0.24,0.38,0.01,0,0.57
10,60.4,0,0.185,0.76,0.01,0,0.69
10,62.2,0,0.24,0.325,0.01,0,0.57
10,62.9,0,0.68,0.28,0.03,0,0.805
10,60.9,0,0.65,0.47,0.03,0,0.9
10,61.1,0,0.48,0.18,0.045,0,0.75
10,61.4,0,0.27,0.195,0.04,0,0.785
10,61.2,0,0.24,0.14,0.045,0,0.605
10,52.5,0,0.595,0.99,0.04,0,0.585
10,58.1,0,0.735,0.675,0.03,0,0.77
10,54.0,0,0.175,0.01,0.05,0,0.75
10,63.6,0,0.415,0.38,0.015,0,0.945
10,62.0,0,0.625,0.115,0.045,0,0.605
10,59.6,0,0.715,0.315,0.05,0,0.58
10,56.6,0,0.265,0.49,0.045,0,0.62
10,62.9,0,0.975,0.155,0.01,0,0.79
10,62.3,0,0.075,0.57,0.01,0,0.83
10,60.5,0,0.21,0.28,0.035,0,0.625
10,60.5,0,0.855,0.645,0.005,0,0.79
10,63.0,0,0.735,0.235,0.03,0,0.77
10,60.6,0,0.855,0.135,0.005,0,0.82
10,63.2,0,0.6,0.325,0.01,0,0.57
10,62.6,0,0.25,0.155,0.01,0,0.67
10,53.3,0,0.465,0.905,0.03,0,0.555
10,62.8,0,0.9,0.325,0.015,0,0.805
10,62.7,0,0.74,0.38,0.015,0,0.945
10,56.6,0,0.005,0.87,0.03,0,0.94
10,62.6,0,0.68,0.28,0.03,0,0.9
10,61.7,0,0.24,0.14,0.04,0,0.605
10,53.7,0,0.465,0.92,0.025,0,0.555
10,61.0,0,0.24,0.085,0.05,0,0.57
10,63.4,0,0.855,0.24,0.005,0,0.75
10,61.9,0,0.24,0.14,0.03,0,0.645
10,63.1,0,0.775,0.36,0.005,0,0.75
10,63.0,0,0.31,0.155,0.01,0,0.79
10,60.3,0,0.555,0.645,0.005,0,0.75
10,61.8,0,0.855,0.555,0.005,0,0.75
10,53.9,0,0.595,0.99,0.04,0,0.75
10,51.9,0,0.375,0.86,0.05,0,0.605
10,58.0,0,0.9,0.665,0.02,0,0.59
10,58.6,0,0.55,0.665,0.02,0,0.59
10,61.9,0,0.24,0.325,0.015,0,0.645
10,62.8,0,0.9,0.14,0.03,0,0.645
10,61.8,0,0.625,0.115,0.04,0,0.555
10,56.4,0,0.465,0.59,0.04,0,0.555
10,62.7,0,0.24,0.36,0.005,0,0.75
10,56.9,0,0.27,0.83,0.035,0,0.92
10,63.1,0,0.9,0.325,0.01,0,0.805
10,63.0,0,0.24,0.325,0.015,0,0.805
10,59.9,0,0.55,0.665,0.02,0,0.91
10,59.4,0,0.735,0.675,0.03,0,0.91
10,51.3,0,0.05,0.915,0.045,0,0.5
10,60.3,0,0.855,0.645,0.005,0,0.75
10,57.0,0,0.24,0.665,0.03,0,0.645
10,62.3,0,0.55,0.14,0.03,0,0.645
10,60.9,0,0.24,0.115,0.045,0,0.605
10,61.3,0,0.625,0.14,0.045,0,0.605
10,62.7,0,0.855,0.36,0.005,0,0.75
11,60.5,0,0.855,0.645,0.005,0,0.79
11,63.1,0,0.9,0.325,0.01,0,0.805
11,61.2,0,0.24,0.14,0.045,0,0.605
11,63.6,0,0.415,0.38,0.015,0,0.945
11,63.1,0,0.37,0.48,0.015,0,0.95
11,60.5,0,0.01,0.54,0.02,0,0.88
11,63.0,0,0.31,0.155,0.01,0,0.79
11,53.9,0,0.595,0.99,0.04,0,0.75
11,56.6,0,0.265,0.49,0.045,0,0.62
11,61.0,0,0.24,0.085,0.05,0,0.57
11,61.0,0,0.05,0.38,0.01,0,0.54
11,57.1,0,0.945,0.605,0.045,0,0.675
11,55.2,0,0.575,0.695,0.05,0,0.685
11,55.9,0,0.705,0.925,0.02,0,0.635
11,56.0,0,0.84,0.025,0.025,0,0.93
11,53.3,0,0.465,0.905,0.03,0,0.555
11,55.7,0,0.855,0.93,0.02,0,0.62
11,61.8,0,0.625,0.115,0.04,0,0.555
11,61.0,0,0.785,0.105,0.005,0,0.63
11,60.0,0,0.925,0.02,0.03,0,0.59
11,62.3,0,0.075,0.57,0.01,0,0.83
11,61.4,0,0.47,0.1,0.025,0,0.955
11,62.2,0,0.98,0.36,0.005,0,0.615
11,62.4,0,0.25,0.645,0.005,0,0.75
11,61.5,0,0.425,0.645,0.005,0,0.75
11,63.3,0,0.55,0.325,0.01,0,0.945
11,61.8,0,0.985,0.115,0.05,0,0.605
11,61.4,0,0.835,0.42,0.015,0,0.56
11,58.8,0,0.595,0.52,0.04,0,0.75
11,58.1,0,0.735,0.675,0.03,0,0.77
11,61.0,0,0.24,0.085,0.025,0,0.92
11,62.9,0,0.135,0.325,0.01,0,0.805
11,61.9,0,0.625,0.115,0.04,0,0.56
11,62.1,0,0.625,0.075,0.04,0,0.555
11,61.9,0,0.715,0.315,0.025,0,0.58
11,54.8,0,0.24,0.545,0.05,0,0.57
11,60.8,0,0.24,0.14,0.045,0,0.865
11,52.5,0,0.015,0.77,0.045,0,0.605
11,55.5,0,0.465,0.755,0.03,0,0.555
11,56.0,0,0.855,0.98,0.005,0,0.75
11,61.1,0,0.735,0.285,0.03,0,0.54
11,55.9,0,0.33,0.82,0.04,0,0.975
11,53.4,0,0.415,0.99,0.04,0,0.945
11,63.1,0,0.595,0.38,0.015,0,0.945
11,59.8,0,0.855,0.645,0.01,0,0.75
11,62.0,0,0.075,0.57,0.005,0,0.75
11,63.2,0,0.855,0.36,0.005,0,0.605
11,62.0,0,0.625,0.115,0.045,0,0.605
11,60.9,0,0.265,0.49,0.03,0,0.94
11,56.6,0,0.005,0.87,0.03,0,0.94
11,62.8,0,0.31,0.155,0.01,0,0.75
11,62.7,0,0.855,0.36,0.005,0,0.75
11,62.3,0,0.625,0.115,0.04,0,0.58
11,59.6,0,0.715,0.315,0.05,0,0.58
11,62.0,0,0.31,0.645,0.005,0,0.79
11,62.7,0,0.855,0.155,0.01,0,0.79
11,60.4,0,0.185,0.76,0.01,0,0.69
11,61.0,0,0.075,0.57,0.01,0,0.69
11,61.2,0,0.31,0.14,0.045,0,0.79
11,62.3,0,0.24,0.155,0.01,0,0.79
11,60.4,0,0.855,0.315,0.05,0,0.75
11,60.3,0,0.715,0.645,0.005,0,0.75
11,60.3,0,0.855,0.645,0.005,0,0.75
12,59.6,0,0.715,0.315,0.05,0,0.58
12,59.6,0,0.84,0.535,0.04,0,0.855
12,56.4,0,0.54,0.75,0.01,0,0.55
12,60.2,0,0.115,0.25,0.035,0,0.565
12,60.4,0,0.185,0.76,0.01,0,0.69
12,62.9,0,0.135,0.325,0.01,0,0.805
12,53.9,0,0.595,0.99,0.04,0,0.75
12,58.8,0,0.775,0.655,0.025,0,0.75
12,56.1,0,0.24,0.785,0.03,0,0.605
12,61.0,0,0.41,0.035,0.03,0,0.5
12,60.4,0,0.19,0.055,0.045,0,0.72
12,60.5,0,0.01,0.54,0.02,0,0.88
12,61.4,0,0.77,0.235,0.05,0,0.855
12,54.5,0,0.105,0.905,0.03,0,0.56
12,62.8,0,0.52,0.215,0.005,0,0.725
12,63.3,0,0.55,0.325,0.01,0,0.945
12,56.6,0,0.265,0.49,0.045,0,0.62
12,53.2,0,0.31,0.875,0.045,0,0.815
12,63.0,0,0.31,0.155,0.01,0,0.79
12,59.6,0,0.635,0.56,0.02,0,0.67
12,53.0,0,0.185,0.96,0.025,0,0.57
12,59.5,0,0.855,0.695,0.005,0,0.75
12,61.4,0,0.765,0.085,0.05,0,0.53
12,63.1,0,0.37,0.48,0.015,0,0.95
12,63.3,0,0.45,0.36,0.01,0,0.75
12,60.9,0,0.24,0.28,0.03,0,0.66
12,62.4,0,0.95,0.12,0.035,0,0.535
12,55.4,0,0.9,0.99,0.01,0,0.535
12,51.8,0,0.85,0.99,0.01,0,0.88
12,61.3,0,0.265,0.49,0.025,0,0.845
12,61.3,0,0.31,0.65,0.01,0,0.79
12,58.6,0,0.72,0.825,0.005,0,0.72
12,56.6,0,0.02,0.98,0.025,0,0.75
12,61.4,0,0.47,0.1,0.025,0,0.955
12,61.9,0,0.595,0.12,0.04,0,0.64
12,58.3,0,0.555,0.915,0.005,0,0.79
12,55.4,0,0.915,0.76,0.045,0,0.69
12,62.9,0,0.76,0.115,0.01,0,0.725
12,60.2,0,0.035,0.085,0.05,0,0.57
12,62.6,0,0.47,0.465,0.025,0,0.955
12,55.3,0,0.425,0.89,0.005,0,0.525
12,63.1,0,0.31,0.155,0.015,0,0.75
12,59.9,0,0.265,0.49,0.02,0,0.62
12,54.6,0,0.01,0.54,0.045,0,0.62
12,59.4,0,0.31,0.315,0.05,0,0.79
12,63.0,0,0.715,0.155,0.01,0,0.79
12,62.9,0,0.9,0.325,0.01,0,0.75
12,62.0,0,0.62,0.13,0.01,0,0.89
12,55.2,0,0.83,0.97,0.02,0,0.56
12,57.9,0,0.615,0.875,0.02,0,0.93
12,62.8,0,0.31,0.155,0.01,0,0.75
12,61.5,0,0.425,0.645,0.005,0,0.75
12,57.7,0,0.265,0.49,0.045,0,0.805
12,63.1,0,0.9,0.325,0.01,0,0.805
12,62.3,0,0.37,0.48,0.015,0,0.79
12,62.0,0,0.31,0.645,0.005,0,0.79
12,56.0,0,0.855,0.98,0.005,0,0.75
12,62.7,0,0.855,0.36,0.005,0,0.75
12,59.6,0,0.37,0.315,0.05,0,0.95
12,62.4,0,0.715,0.48,0.015,0,0.95
12,61.0,0,0.24,0.085,0.05,0,0.57
12,56.3,0,0.265,0.49,0.045,0,0.57
12,54.8,0,0.855,0.98,0.005,0,0.79
13,62.0,0,0.645,0.51,0.005,0,0.7
13,63.5,0,0.66,0.385,0.015,0,0.89
13,53.2,0,0.31,0.875,0.045,0,0.815
13,58.9,0,0.21,0.38,0.04,0,0.635
13,62.4,0,0.715,0.48,0.015,0,0.95
13,56.2,0,0.625,0.015,0.025,0,0.74
13,60.2,0,0.035,0.085,0.05,0,0.57
13,62.6,0,0.44,0.22,0.02,0,0.68
13,56.3,0,0.75,0.935,0.02,0,0.645
13,54.8,0,0.735,0.92,0.035,0,0.71
13,59.5,0,0.855,0.695,0.005,0,0.75
13,58.9,0,0.915,0.67,0.015,0,0.63
13,63.1,0,0.9,0.325,0.01,0,0.805
13,58.8,0,0.775,0.655,0.025,0,0.75
13,61.2,0,0.65,0.045,0.035,0,0.69
13,63.4,0,0.69,0.245,0.01,0,0.93
13,62.9,0,0.87,0.13,0.02,0,0.815
13,62.0,0,0.62,0.13,0.01,0,0.89
13,57.7,0,0.265,0.49,0.045,0,0.805
13,59.5,0,0.16,0.76,0.005,0,0.575
13,61.1,0,0.83,0.24,0.045,0,0.685
13,52.8,0,0.825,0.97,0.045,0,0.62
13,56.3,0,0.265,0.49,0.045,0,0.57
13,59.0,0,0.43,0.635,0.035,0,0.94
13,61.6,0,0.015,0.245,0.02,0,0.69
13,56.7,0,0.26,0.535,0.045,0,0.705
13,57.2,0,0.565,0.54,0.045,0,0.645
13,63.4,0,0.195,0.48,0.005,0,0.95
13,62.3,0,0.86,0.13,0.01,0,0.89
13,60.9,0,0.95,0.55,0.01,0,0.735
13,55.4,0,0.915,0.76,0.045,0,0.69
13,61.8,0,0.135,0.48,0.015,0,0.79
13,55.4,0,0.03,0.58,0.05,0,0.925
13,53.9,0,0.37,0.89,0.04,0,0.79
13,56.4,0,0.54,0.75,0.01,0,0.55
13,57.9,0,0.715,0.86,0.015,0,0.95
13,62.4,0,0.45,0.245,0.015,0,0.505
13,62.6,0,0.5,0.48,0.015,0,0.855
13,60.0,0,0.62,0.78,0.01,0,0.89
13,53.9,0,0.115,0.81,0.035,0,0.565
13,58.3,0,0.555,0.915,0.005,0,0.79
13,54.6,0,0.01,0.54,0.045,0,0.62
13,61.3,0,0.47,0.465,0.035,0,0.955
13,61.6,0,0.115,0.25,0.025,0,0.955
13,59.2,0,0.915,0.75,0.01,0,0.69
13,54.6,0,0.54,0.76,0.045,0,0.69
13,60.8,0,0.065,0.47,0.025,0,0.875
13,62.6,0,0.47,0.465,0.025,0,0.955
13,63.2,0,0.9,0.325,0.01,0,0.565
13,60.2,0,0.115,0.25,0.035,0,0.565
13,60.2,0,0.265,0.235,0.05,0,0.855
13,52.2,0,0.865,0.93,0.05,0,0.55
13,61.9,0,0.265,0.12,0.035,0,0.535
13,58.6,0,0.0,0.465,0.03,0,0.695
13,53.8,0,0.31,0.875,0.035,0,0.535
13,62.4,0,0.95,0.12,0.035,0,0.535
13,60.4,0,0.7,0.515,0.01,0,0.505
13,63.1,0,0.31,0.155,0.015,0,0.75
13,61.4,0,0.77,0.235,0.05,0,0.855
13,62.0,0,0.47,0.465,0.025,0,0.855
13,61.5,0,0.9,0.49,0.01,0,0.805
13,62.9,0,0.265,0.325,0.01,0,0.805
13,62.3,0,0.37,0.48,0.015,0,0.79
14,62.4,0,0.95,0.12,0.035,0,0.535
14,62.0,0,0.47,0.465,0.025,0,0.855
14,63.0,0,0.87,0.185,0.02,0,0.805
14,59.4,0,0.16,0.04,0.045,0,0.825
14,61.7,0,0.9,0.1,0.045,0,0.78
14,54.1,0,0.265,0.82,0.045,0,0.705
14,63.1,0,0.31,0.155,0.015,0,0.75
14,59.7,0,0.41,0.31,0.05,0,0.785
14,62.3,0,0.86,0.13,0.01,0,0.89
14,63.4,0,0.69,0.245,0.01,0,0.93
14,58.6,0,0.085,0.305,0.04,0,0.585
14,60.8,0,0.065,0.47,0.025,0,0.875
14,56.3,0,0.75,0.935,0.02,0,0.645
14,62.9,0,0.325,0.25,0.02,0,0.695
14,61.7,0,0.055,0.095,0.025,0,0.74
14,62.6,0,0.44,0.22,0.02,0,0.68
14,62.8,0,0.74,0.09,0.025,0,0.505
14,60.3,0,0.885,0.04,0.05,0,0.705
14,57.9,0,0.28,0.405,0.05,0,0.995
14,62.6,0,0.5,0.48,0.015,0,0.855
14,59.0,0,0.43,0.635,0.035,0,0.94
14,61.9,0,0.69,0.645,0.01,0,0.93
14,62.9,0,0.265,0.325,0.01,0,0.805
14,57.7,0,0.265,0.49,0.045,0,0.805
14,53.9,0,0.44,0.89,0.04,0,0.79
14,54.3,0,0.55,0.9,0.05,0,0.855
14,60.7,0,0.65,0.045,0.035,0,0.84
14,53.3,0,0.735,0.92,0.04,0,0.535
14,52.7,0,0.03,0.58,0.05,0,0.53
14,59.8,0,0.47,0.465,0.025,0,0.555
14,57.1,0,0.95,0.585,0.035,0,0.535
14,62.2,0,0.125,0.635,0.015,0,0.94
14,60.6,0,0.265,0.325,0.03,0,0.615
14,58.5,0,0.005,0.48,0.035,0,0.855
14,59.4,0,0.69,0.85,0.01,0,0.825
14,53.6,0,0.75,0.86,0.05,0,0.645
14,51.9,0,0.775,0.96,0.05,0,0.555
14,59.2,0,0.12,0.595,0.03,0,0.94
14,61.4,0,0.18,0.13,0.01,0,0.89
14,62.0,0,0.205,0.81,0.01,0,0.89
14,60.9,0,0.69,0.245,0.05,0,0.93
14,61.3,0,0.41,0.515,0.02,0,0.75
14,53.9,0,0.37,0.89,0.04,0,0.79
14,62.8,0,0.31,0.155,0.015,0,0.79
14,56.2,0,0.9,0.58,0.05,0,0.925
14,55.4,0,0.03,0.58,0.05,0,0.925
14,61.7,0,0.47,0.045,0.035,0,0.69
14,61.2,0,0.65,0.045,0.035,0,0.69
14,57.6,0,0.43,0.635,0.035,0,0.69
14,54.6,0,0.54,0.76,0.045,0,0.69
14,61.5,0,0.37,0.245,0.04,0,0.79
14,55.3,0,0.69,0.89,0.04,0,0.79
14,62.5,0,0.9,0.325,0.01,0,0.855
14,60.2,0,0.265,0.235,0.05,0,0.855
14,62.4,0,0.73,0.465,0.01,0,0.725
14,60.1,0,0.99,0.305,0.02,0,0.905
14,61.9,0,0.9,0.325,0.02,0,0.565
14,56.3,0,0.75,0.935,0.01,0,0.565
14,57.6,0,0.43,0.635,0.035,0,0.71
14,54.8,0,0.735,0.92,0.035,0,0.71
14,55.6,0,0.75,0.935,0.02,0,0.565
14,63.2,0,0.9,0.325,0.01,0,0.565
14,61.4,0,0.43,0.635,0.015,0,0.855
15,53.6,0,0.75,0.86,0.05,0,0.645
15,61.2,0,0.575,0.075,0.035,0,0.88
15,47.0,0,0.995,0.2,0.005,0,0.99
15,61.3,0,0.41,0.515,0.02,0,0.75
15,63.1,0,0.77,0.285,0.015,0,0.715
15,54.8,0,0.495,0.955,0.03,0,0.945
15,48.5,0,0.96,0.91,0.03,0,0.845
15,61.2,0,0.285,0.17,0.04,0,0.685
15,56.9,0,0.08,0.765,0.02,0,0.65
15,60.6,0,0.265,0.325,0.03,0,0.615
15,48.8,0,0.885,0.83,0.015,0,0.97
15,52.4,0,0.195,0.995,0.04,0,0.74
15,61.7,0,0.9,0.1,0.045,0,0.78
15,61.4,0,0.18,0.13,0.01,0,0.89
15,61.7,0,0.055,0.095,0.025,0,0.74
15,58.5,0,0.465,0.495,0.035,0,0.55
15,61.7,0,0.735,0.18,0.045,0,0.645
15,57.9,0,0.28,0.405,0.05,0,0.995
15,61.9,0,0.36,0.425,0.025,0,0.92
15,61.9,0,0.11,0.43,0.01,0,0.67
15,58.7,0,0.885,0.585,0.03,0,0.76
15,52.4,0,0.75,0.93,0.05,0,0.565
15,61.5,0,0.18,0.11,0.04,0,0.89
15,59.7,0,0.69,0.725,0.01,0,0.825
15,58.9,0,0.62,0.405,0.05,0,0.995
15,52.9,0,0.735,0.92,0.04,0,0.965
15,63.1,0,0.595,0.515,0.005,0,0.975
15,56.6,0,0.735,0.92,0.005,0,0.535
15,61.8,0,0.41,0.445,0.02,0,0.75
15,51.0,0,0.28,0.055,0.01,0,0.995
15,59.3,0,0.645,0.49,0.04,0,0.805
15,57.9,0,0.75,0.545,0.035,0,0.63
15,61.1,0,0.3,0.045,0.03,0,0.69
15,61.7,0,0.975,0.395,0.02,0,0.695
15,60.7,0,0.77,0.17,0.035,0,0.995
15,60.2,0,0.845,0.465,0.035,0,0.745
15,54.5,0,0.69,0.955,0.01,0,0.99
15,58.0,0,0.805,0.745,0.02,0,0.695
15,61.5,0,0.055,0.095,0.025,0,0.795
15,57.0,0,0.75,0.75,0.02,0,0.565
15,62.9,0,0.325,0.25,0.02,0,0.695
15,61.3,0,0.915,0.045,0.035,0,0.69
15,58.0,0,0.47,0.045,0.01,0,0.825
15,59.4,0,0.69,0.85,0.01,0,0.825
15,60.0,0,0.765,0.56,0.035,0,0.96
15,62.4,0,0.805,0.26,0.035,0,0.765
15,56.5,0,0.41,0.515,0.04,0,0.535
15,53.3,0,0.735,0.92,0.04,0,0.535
15,52.9,0,0.75,0.86,0.05,0,0.565
15,55.6,0,0.75,0.935,0.02,0,0.565
15,59.3,0,0.735,0.49,0.045,0,0.805
15,57.7,0,0.265,0.49,0.045,0,0.805
15,61.7,0,0.47,0.245,0.035,0,0.69
15,61.8,0,0.69,0.045,0.035,0,0.69
15,55.5,0,0.75,0.935,0.02,0,0.93
15,63.4,0,0.69,0.245,0.01,0,0.93
15,58.6,0,0.28,0.405,0.045,0,0.995
15,57.2,0,0.265,0.49,0.05,0,0.995
15,61.1,0,0.41,0.515,0.02,0,0.69
15,61.7,0,0.47,0.045,0.035,0,0.69
15,58.7,0,0.28,0.405,0.05,0,0.855
15,58.5,0,0.005,0.48,0.035,0,0.855
15,54.8,0,0.75,0.86,0.05,0,0.825
16,61.3,0,0.41,0.515,0.02,0,0.75
16,61.1,0,0.77,0.355,0.005,0,0.99
16,52.9,0,0.75,0.86,0.05,0,0.565
16,62.0,0,0.175,0.075,0.02,0,0.68
16,53.6,0,0.175,0.98,0.015,0,0.51
16,57.8,0,0.68,0.64,0.02,0,0.525
16,59.6,0,0.655,0.625,0.01,0,0.645
16,57.3,0,0.02,0.33,0.045,0,0.52
16,51.0,0,0.28,0.055,0.01,0,0.995
16,59.8,0,0.44,0.025,0.05,0,0.645
16,58.2,0,0.725,0.79,0.01,0,0.715
16,55.6,0,0.29,0.715,0.035,0,0.61
16,60.0,0,0.43,0.275,0.04,0,0.595
16,52.2,0,0.275,0.985,0.045,0,0.71
16,56.6,0,0.735,0.92,0.005,0,0.535
16,61.7,0,0.055,0.095,0.025,0,0.74
16,62.6,0,0.05,0.25,0.01,0,0.6
16,56.0,0,0.51,0.725,0.05,0,0.995
16,57.2,0,0.265,0.49,0.05,0,0.995
16,59.8,0,0.57,0.025,0.05,0,0.725
16,56.6,0,0.385,0.835,0.035,0,0.93
16,54.1,0,0.6,0.97,0.02,0,0.995
16,62.8,0,0.845,0.285,0.025,0,0.705
16,59.6,0,0.28,0.405,0.035,0,0.995
16,59.3,0,0.77,0.63,0.015,0,0.66
16,58.3,0,0.41,0.445,0.05,0,0.75
16,60.6,0,0.265,0.325,0.03,0,0.615
16,61.5,0,0.055,0.095,0.025,0,0.795
16,60.7,0,0.915,0.045,0.035,0,0.85
16,60.2,0,0.28,0.645,0.01,0,0.625
16,61.9,0,0.77,0.435,0.015,0,0.715
16,60.0,0,0.19,0.765,0.01,0,0.65
16,59.4,0,0.265,0.49,0.03,0,0.995
16,54.5,0,0.68,0.885,0.035,0,0.99
16,51.1,0,0.8,0.055,0.01,0,0.995
16,56.9,0,0.08,0.765,0.02,0,0.65
16,61.3,0,0.915,0.045,0.035,0,0.69
16,60.3,0,0.28,0.32,0.045,0,0.87
16,60.4,0,0.47,0.375,0.035,0,0.69
16,62.6,0,0.845,0.105,0.035,0,0.78
16,61.1,0,0.915,0.255,0.035,0,0.955
16,62.1,0,0.75,0.545,0.005,0,0.975
16,60.9,0,0.055,0.095,0.035,0,0.69
16,61.7,0,0.47,0.045,0.035,0,0.69
16,59.2,0,0.47,0.405,0.05,0,0.855
16,60.8,0,0.145,0.345,0.02,0,0.595
16,55.6,0,0.055,0.095,0.025,0,0.995
16,58.6,0,0.28,0.405,0.045,0,0.995
16,56.0,0,0.75,0.86,0.02,0,0.565
16,56.7,0,0.41,0.445,0.05,0,0.565
16,57.7,0,0.75,0.86,0.02,0,0.75
16,61.8,0,0.41,0.445,0.02,0,0.75
16,60.2,0,0.735,0.405,0.05,0,0.855
16,58.7,0,0.28,0.405,0.05,0,0.855
16,63.2,0,0.915,0.285,0.015,0,0.715
16,63.1,0,0.77,0.285,0.015,0,0.715
16,63.1,0,0.77,0.285,0.015,0,0.63
16,57.9,0,0.75,0.545,0.035,0,0.63
16,62.4,0,0.75,0.395,0.02,0,0.695
16,61.7,0,0.975,0.395,0.02,0,0.695
16,58.0,0,0.47,0.045,0.01,0,0.825
16,63.2,0,0.77,0.285,0.015,0,0.825
16,57.5,0,0.28,0.92,0.01,0,0.995
17,58.0,0,0.125,0.88,0.02,0,0.71
17,55.5,0,0.285,0.92,0.02,0,0.725
17,62.8,0,0.525,0.42,0.005,0,0.715
17,60.6,0,0.135,0.05,0.035,0,0.675
17,61.2,0,0.02,0.22,0.03,0,0.685
17,61.5,0,0.565,0.33,0.035,0,0.93
17,53.5,0,0.5,0.955,0.035,0,0.635
17,59.2,0,0.66,0.56,0.04,0,0.855
17,61.6,0,0.675,0.52,0.02,0,0.995
17,60.2,0,0.305,0.125,0.035,0,0.97
17,59.6,0,0.655,0.625,0.01,0,0.645
17,58.1,0,0.67,0.505,0.045,0,0.69
17,54.1,0,0.6,0.97,0.02,0,0.995
17,62.6,0,0.845,0.105,0.035,0,0.78
17,58.1,0,0.66,0.49,0.04,0,0.56
17,63.5,0,0.36,0.315,0.015,0,0.885
17,61.3,0,0.38,0.115,0.04,0,0.51
17,61.9,0,0.23,0.155,0.005,0,0.55
17,60.1,0,0.44,0.245,0.05,0,0.695
17,56.9,0,0.08,0.765,0.02,0,0.65
17,52.2,0,0.22,0.99,0.035,0,0.62
17,53.0,0,0.02,0.055,0.04,0,0.995
17,62.1,0,0.75,0.545,0.005,0,0.975
17,56.5,0,0.125,0.675,0.035,0,0.745
17,55.5,0,0.545,0.61,0.05,0,0.645
17,57.9,0,0.845,0.65,0.035,0,0.78
17,58.8,0,0.76,0.57,0.035,0,0.78
17,43.6,0,0.815,0.97,0.02,0,0.995
17,62.4,0,0.84,0.14,0.015,0,0.9
17,63.4,0,0.845,0.25,0.01,0,0.89
17,59.5,0,0.265,0.27,0.03,0,0.995
17,58.2,0,0.8,0.37,0.05,0,0.51
17,62.6,0,0.05,0.25,0.01,0,0.6
17,61.7,0,0.055,0.095,0.025,0,0.74
17,61.6,0,0.085,0.285,0.025,0,0.705
17,50.2,0,0.44,0.025,0.005,0,0.645
17,61.8,0,0.41,0.445,0.02,0,0.75
17,61.0,0,0.555,0.055,0.05,0,0.55
17,31.8,0,0.955,0.925,0.02,0,0.97
17,59.9,0,0.265,0.24,0.03,0,0.995
17,59.1,0,0.1,0.285,0.045,0,0.705
17,59.8,0,0.44,0.025,0.05,0,0.645
17,60.0,0,0.8,0.055,0.01,0,0.725
17,59.8,0,0.57,0.025,0.05,0,0.725
17,54.2,0,0.6,0.97,0.02,0,0.52
17,57.3,0,0.02,0.33,0.045,0,0.52
17,62.7,0,0.845,0.105,0.02,0,0.695
17,61.7,0,0.975,0.395,0.02,0,0.695
17,59.7,0,0.655,0.625,0.015,0,0.715
17,63.2,0,0.915,0.285,0.015,0,0.715
17,58.5,0,0.055,0.025,0.05,0,0.74
17,62.5,0,0.44,0.095,0.025,0,0.74
17,58.4,0,0.655,0.625,0.025,0,0.705
17,62.8,0,0.845,0.285,0.025,0,0.705
17,60.8,0,0.265,0.49,0.03,0,0.87
17,60.3,0,0.28,0.32,0.045,0,0.87
17,59.5,0,0.655,0.625,0.03,0,0.995
17,59.4,0,0.265,0.49,0.03,0,0.995
17,53.4,0,0.735,0.92,0.005,0,0.995
17,51.1,0,0.8,0.055,0.01,0,0.995
17,58.6,0,0.28,0.32,0.045,0,0.535
17,56.6,0,0.735,0.92,0.005,0,0.535
17,58.2,0,0.02,0.92,0.005,0,0.52
18,59.8,0,0.44,0.025,0.05,0,0.645
18,59.9,0,0.835,0.4,0.04,0,0.65
18,62.2,0,0.185,0.155,0.025,0,0.6
18,59.5,0,0.265,0.27,0.03,0,0.995
18,54.1,0,0.6,0.97,0.02,0,0.995
18,61.5,0,0.2,0.445,0.005,0,0.61
18,63.4,0,0.845,0.25,0.01,0,0.89
18,62.8,0,0.285,0.165,0.02,0,0.83
18,62.3,0,0.55,0.1,0.02,0,0.86
18,53.4,0,0.735,0.92,0.005,0,0.995
18,55.6,0,0.43,0.715,0.05,0,0.905
18,63.2,0,0.915,0.285,0.015,0,0.715
18,61.0,0,0.555,0.055,0.05,0,0.55
18,62.8,0,0.705,0.355,0.01,0,0.65
18,62.6,0,0.05,0.25,0.01,0,0.6
18,50.8,0,0.19,0.03,0.015,0,0.975
18,58.8,0,0.76,0.57,0.035,0,0.78
18,61.3,0,0.38,0.115,0.04,0,0.51
18,50.2,0,0.44,0.025,0.005,0,0.645
18,61.2,0,0.02,0.22,0.03,0,0.685
18,58.6,0,0.445,0.02,0.035,0,0.69
18,61.7,0,0.055,0.095,0.025,0,0.74
18,54.3,0,0.76,0.69,0.05,0,0.55
18,59.2,0,0.265,0.27,0.04,0,0.995
18,54.9,0,0.05,0.825,0.045,0,0.935
18,61.4,0,0.735,0.535,0.005,0,0.995
18,60.6,0,0.465,0.32,0.045,0,0.925
18,62.9,0,0.735,0.325,0.01,0,0.665
18,56.4,0,0.965,0.88,0.01,0,0.725
18,61.8,0,0.915,0.285,0.025,0,0.715
18,62.6,0,0.645,0.095,0.025,0,0.505
18,62.0,0,0.28,0.32,0.01,0,0.535
18,57.5,0,0.055,0.935,0.02,0,0.74
18,56.2,0,0.08,0.605,0.04,0,0.77
18,58.5,0,0.055,0.025,0.05,0,0.74
18,62.2,0,0.715,0.22,0.03,0,0.685
18,61.0,0,0.6,0.28,0.02,0,0.995
18,61.7,0,0.38,0.115,0.04,0,0.8
18,55.2,0,0.735,0.91,0.005,0,0.995
18,57.2,0,0.735,0.92,0.005,0,0.58
18,60.0,0,0.8,0.055,0.01,0,0.725
18,56.2,0,0.845,0.965,0.02,0,0.695
18,63.2,0,0.915,0.105,0.02,0,0.695
18,62.7,0,0.845,0.105,0.02,0,0.695
18,59.7,0,0.8,0.625,0.015,0,0.715
18,59.7,0,0.655,0.625,0.015,0,0.715
18,63.5,0,0.845,0.25,0.015,0,0.89
18,60.8,0,0.655,0.625,0.01,0,0.89
18,61.3,0,0.265,0.27,0.015,0,0.995
18,58.4,0,0.915,0.285,0.03,0,0.995
18,58.4,0,0.05,0.92,0.01,0,0.6
18,63.0,0,0.735,0.25,0.01,0,0.6
18,59.5,0,0.735,0.32,0.045,0,0.535
18,62.9,0,0.505,0.57,0.005,0,0.925
18,62.7,0,0.915,0.285,0.02,0,0.715
18,56.5,0,0.6,0.97,0.015,0,0.715
18,61.7,0,0.265,0.285,0.015,0,0.995
18,59.6,0,0.915,0.27,0.03,0,0.995
18,59.0,0,0.385,0.365,0.05,0,0.745
18,58.6,0,0.28,0.32,0.045,0,0.535
18,51.0,0,0.735,0.97,0.02,0,0.995
18,57.3,0,0.6,0.92,0.005,0,0.995
18,58.0,0,0.735,0.92,0.005,0,0.74
19,57.5,0,0.465,0.945,0.015,0,0.785
19,61.7,0,0.08,0.105,0.03,0,0.59
19,62.1,0,0.68,0.375,0.025,0,0.815
19,61.5,0,0.8,0.275,0.045,0,0.71
19,53.4,0,0.04,0.55,0.05,0,0.57
19,63.2,0,0.51,0.215,0.01,0,0.67
19,61.8,0,0.025,0.08,0.015,0,0.675
19,62.9,0,0.865,0.15,0.005,0,0.6
19,58.4,0,0.05,0.92,0.01,0,0.6
19,60.9,0,0.2,0.225,0.035,0,0.575
19,58.5,0,0.055,0.025,0.05,0,0.74
19,53.4,0,0.535,0.93,0.04,0,0.67
19,62.5,0,0.285,0.235,0.02,0,0.69
19,58.6,0,0.445,0.02,0.035,0,0.69
19,61.0,0,0.6,0.28,0.02,0,0.995
19,62.8,0,0.705,0.355,0.01,0,0.65
19,61.5,0,0.9,0.45,0.01,0,0.68
19,60.6,0,0.06,0.155,0.04,0,0.74
19,60.8,0,0.005,0.14,0.03,0,0.935
19,61.9,0,0.925,0.205,0.04,0,0.71
19,56.2,0,0.08,0.605,0.04,0,0.77
19,58.1,0,0.855,0.605,0.04,0,0.77
19,60.7,0,0.005,0.32,0.025,0,0.83
19,58.0,0,0.12,0.025,0.025,0,0.74
19,56.7,0,0.835,0.675,0.035,0,0.65
19,58.2,0,0.28,0.325,0.045,0,0.535
19,58.6,0,0.445,0.02,0.035,0,0.73
19,62.8,0,0.92,0.26,0.005,0,0.765
19,62.0,0,0.28,0.32,0.01,0,0.535
19,59.8,0,0.22,0.795,0.01,0,0.665
19,63.0,0,0.725,0.355,0.01,0,0.65
19,62.4,0,0.315,0.39,0.01,0,0.6
19,53.7,0,0.445,0.99,0.035,0,0.69
19,61.5,0,0.735,0.46,0.01,0,0.665
19,61.8,0,0.825,0.2,0.045,0,0.665
19,61.7,0,0.505,0.695,0.005,0,0.925
19,63.5,0,0.935,0.21,0.01,0,0.6
19,62.2,0,0.835,0.4,0.005,0,0.65
19,57.1,0,0.38,0.515,0.045,0,0.665
19,57.1,0,0.295,0.84,0.02,0,0.65
19,58.1,0,0.05,0.905,0.01,0,0.6
19,62.9,0,0.505,0.57,0.005,0,0.925
19,59.0,0,0.28,0.27,0.04,0,0.995
19,59.2,0,0.265,0.27,0.04,0,0.995
19,59.5,0,0.445,0.02,0.035,0,0.65
19,59.9,0,0.835,0.4,0.04,0,0.65
19,58.9,0,0.055,0.025,0.05,0,0.715
19,62.5,0,0.29,0.195,0.02,0,0.705
19,55.1,0,0.38,0.625,0.04,0,0.51
19,61.7,0,0.655,0.115,0.04,0,0.51
19,60.2,0,0.38,0.625,0.015,0,0.715
19,59.7,0,0.655,0.625,0.015,0,0.715
19,58.6,0,0.28,0.32,0.045,0,0.535
19,59.5,0,0.735,0.32,0.045,0,0.535
19,55.4,0,0.02,0.685,0.045,0,0.89
19,61.3,0,0.38,0.115,0.04,0,0.51
19,59.4,0,0.73,0.81,0.005,0,0.935
19,58.0,0,0.9,0.69,0.02,0,0.655
19,40.5,0,0.975,0.86,0.005,0,0.9
19,61.8,0,0.915,0.285,0.025,0,0.715
19,63.4,0,0.655,0.325,0.01,0,0.665
19,62.9,0,0.735,0.325,0.01,0,0.665
19,58.6,0,0.655,0.625,0.015,0,0.535
20,61.1,0,0.885,0.065,0.01,0,0.665
20,55.5,0,0.115,0.92,0.04,0,0.87
20,56.3,0,0.13,0.82,0.02,0,0.535
20,62.7,0,0.675,0.19,0.025,0,0.575
20,56.0,0,0.345,0.945,0.025,0,0.96
20,56.6,0,0.315,0.655,0.025,0,0.515
20,55.5,0,0.95,0.885,0.035,0,0.68
20,62.9,0,0.865,0.15,0.005,0,0.6
20,63.2,0,0.51,0.215,0.01,0,0.67
20,57.5,0,0.465,0.945,0.015,0,0.785
20,62.5,0,0.285,0.235,0.02,0,0.69
20,61.0,0,0.69,0.53,0.02,0,0.815
20,60.1,0,0.59,0.05,0.01,0,0.72
20,57.4,0,0.395,0.94,0.01,0,0.8
20,61.6,0,0.26,0.655,0.01,0,0.8
20,61.8,0,0.025,0.08,0.015,0,0.675
20,59.6,0,0.615,0.46,0.04,0,0.77
20,54.9,0,0.05,0.71,0.04,0,0.74
20,60.2,0,0.69,0.825,0.005,0,0.905
20,62.7,0,0.615,0.315,0.015,0,0.665
20,62.2,0,0.835,0.4,0.005,0,0.65
20,61.8,0,0.205,0.745,0.01,0,0.83
20,54.4,0,0.39,0.99,0.015,0,0.55
20,61.7,0,0.505,0.695,0.005,0,0.925
20,56.0,0,0.645,0.985,0.02,0,0.79
20,56.1,0,0.395,0.685,0.03,0,0.56
20,61.7,0,0.22,0.065,0.035,0,0.675
20,62.9,0,0.595,0.4,0.005,0,0.975
20,59.8,0,0.22,0.795,0.01,0,0.665
20,57.1,0,0.295,0.84,0.02,0,0.65
20,54.5,0,0.895,0.945,0.015,0,0.785
20,59.1,0,0.22,0.795,0.015,0,0.665
20,58.7,0,0.055,0.025,0.05,0,0.72
20,63.7,0,0.865,0.195,0.01,0,0.6
20,46.8,0,0.465,0.005,0.015,0,0.785
20,63.2,0,0.07,0.27,0.01,0,0.905
20,61.8,0,0.54,0.285,0.025,0,0.715
20,57.1,0,0.465,0.945,0.015,0,0.91
20,40.5,0,0.975,0.86,0.005,0,0.9
20,59.5,0,0.915,0.02,0.035,0,0.69
20,53.2,0,0.935,0.79,0.05,0,0.85
20,59.4,0,0.315,0.025,0.05,0,0.725
20,58.7,0,0.465,0.025,0.025,0,0.74
20,58.0,0,0.12,0.025,0.025,0,0.74
20,55.2,0,0.295,0.84,0.04,0,0.995
20,59.0,0,0.28,0.27,0.04,0,0.995
20,61.5,0,0.465,0.225,0.035,0,0.575
20,63.5,0,0.52,0.335,0.01,0,0.905
20,55.8,0,0.465,0.945,0.015,0,0.665
20,63.4,0,0.655,0.325,0.01,0,0.665
20,55.2,0,0.325,0.03,0.01,0,0.77
20,57.6,0,0.26,0.465,0.035,0,0.565
20,58.9,0,0.055,0.025,0.05,0,0.715
20,61.8,0,0.915,0.285,0.025,0,0.715
20,63.1,0,0.655,0.325,0.01,0,0.69
20,58.6,0,0.445,0.02,0.035,0,0.69
20,55.5,0,0.445,0.02,0.035,0,0.935
20,60.8,0,0.005,0.14,0.03,0,0.935
20,53.1,0,0.295,0.84,0.05,0,0.65
20,57.5,0,0.055,0.025,0.02,0,0.65
20,60.6,0,0.22,0.225,0.035,0,0.575
20,60.9,0,0.2,0.225,0.035,0,0.575
20,59.6,0,0.295,0.795,0.01,0,0.665
21,58.6,0,0.81,0.69,0.005,0,0.54
21,54.5,0,0.92,0.995,0.02,0,0.565
21,60.4,0,0.645,0.48,0.02,0,0.545
21,56.0,0,0.645,0.985,0.02,0,0.79
21,54.7,0,0.98,0.015,0.03,0,0.885
21,61.8,0,0.915,0.285,0.025,0,0.715
21,55.2,0,0.295,0.84,0.04,0,0.995
21,59.4,0,0.315,0.025,0.05,0,0.725
21,58.8,0,0.6,0.425,0.04,0,0.54
21,62.2,0,0.835,0.4,0.005,0,0.65
21,61.0,0,0.68,0.41,0.02,0,0.56
21,52.7,0,0.705,0.935,0.04,0,0.5
21,61.7,0,0.505,0.695,0.005,0,0.925
21,59.9,0,0.3,0.7,0.01,0,0.605
21,40.5,0,0.975,0.86,0.005,0,0.9
21,62.5,0,0.285,0.235,0.02,0,0.69
21,59.1,0,0.22,0.795,0.015,0,0.665
21,63.5,0,0.655,0.28,0.015,0,0.64
21,61.6,0,0.725,0.33,0.04,0,0.945
21,58.4,0,0.035,0.925,0.015,0,0.72
21,61.7,0,0.07,0.435,0.02,0,0.935
21,56.1,0,0.56,0.725,0.035,0,0.73
21,55.4,0,0.095,0.4,0.05,0,0.505
21,57.6,0,0.845,0.675,0.04,0,0.825
21,63.2,0,0.725,0.4,0.005,0,0.975
21,62.6,0,0.595,0.4,0.02,0,0.8
21,58.8,0,0.835,0.4,0.05,0,0.65
21,62.7,0,0.655,0.45,0.01,0,0.69
21,59.0,0,0.69,0.825,0.02,0,0.905
21,60.2,0,0.69,0.825,0.005,0,0.905
21,53.5,0,0.705,0.985,0.04,0,0.905
21,62.6,0,0.56,0.205,0.03,0,0.755
21,62.4,0,0.415,0.4,0.02,0,0.975
21,60.0,0,0.775,0.245,0.05,0,0.51
21,60.4,0,0.38,0.725,0.005,0,0.76
21,62.8,0,0.1,0.325,0.01,0,0.69
21,42.9,0,0.975,0.86,0.01,0,0.9
21,58.1,0,0.0,0.025,0.05,0,0.725
21,58.0,0,0.12,0.025,0.025,0,0.74
21,63.5,0,0.655,0.195,0.01,0,0.69
21,61.0,0,0.455,0.27,0.035,0,0.975
21,56.6,0,0.69,0.825,0.005,0,0.505
21,63.3,0,0.655,0.4,0.005,0,0.975
21,59.5,0,0.78,0.445,0.035,0,0.62
21,60.2,0,0.595,0.825,0.005,0,0.975
21,62.9,0,0.69,0.4,0.005,0,0.975
21,55.0,0,0.655,0.84,0.04,0,0.69
21,63.0,0,0.295,0.325,0.01,0,0.69
21,62.5,0,0.835,0.4,0.005,0,0.675
21,61.7,0,0.22,0.065,0.035,0,0.675
21,57.7,0,0.69,0.825,0.01,0,0.665
21,63.4,0,0.655,0.325,0.01,0,0.665
21,57.7,0,0.69,0.825,0.005,0,0.6
21,62.9,0,0.865,0.15,0.005,0,0.6
21,56.8,0,0.12,0.025,0.025,0,0.85
21,53.2,0,0.935,0.79,0.05,0,0.85
21,62.9,0,0.285,0.325,0.01,0,0.69
21,63.1,0,0.655,0.325,0.01,0,0.69
21,59.3,0,0.655,0.025,0.05,0,0.715
21,58.9,0,0.055,0.025,0.05,0,0.715
21,63.1,0,0.655,0.325,0.01,0,0.975
21,62.9,0,0.595,0.4,0.005,0,0.975
21,61.3,0,0.285,0.86,0.005,0,0.9
