0,45.3,0,0.95,0.5,0.04,0,0.995
0,24.2,0,0.995,0.7,0.01,0,0.99
0,58.6,0,0.7,0.7,0.02,0,0.7
0,60.7,0,0.1,0.5,0.02,0,0.8
0,62.1,0,0.1,0.7,0.01,0,0.99
0,62.3,0,0.1,0.3,0.005,0,0.7
0,54.5,0,0.99,0.5,0.005,0,0.9
0,47.3,0,0.95,0.7,0.005,0,0.95
0,62.8,0,0.1,0.5,0.01,0,0.9
0,56.2,0,0.9,0.7,0.04,0,0.6
0,63.7,0,0.3,0.3,0.01,0,0.9
0,61.8,0,0.1,0.5,0.01,0,0.995
0,52.3,0,0.95,0.7,0.01,0,0.9
0,36.8,0,0.99,0.7,0.01,0,0.95
0,57.4,0,0.0,0.5,0.04,0,0.99
0,43.7,0,0.995,0.3,0.005,0,0.99
0,57.1,0,0.995,0.7,0.03,0,0.6
0,61.2,0,0.995,0.3,0.04,0,0.6
0,61.3,0,0.9,0.3,0.005,0,0.95
0,61.1,0,0.1,0.3,0.02,0,0.6
0,60.9,0,0.99,0.3,0.04,0,0.8
0,54.0,0,0.9,0.7,0.02,0,0.95
0,61.8,0,0.1,0.5,0.01,0,0.995
0,61.6,0,0.5,0.7,0.01,0,0.95
0,60.0,0,0.1,0.5,0.03,0,0.9
0,57.1,0,0.0,0.5,0.04,0,0.8
0,62.9,0,0.5,0.3,0.02,0,0.7
0,56.6,0,0.995,0.7,0.01,0,0.8
0,61.0,0,0.95,0.5,0.01,0,0.8
0,58.7,0,0.95,0.5,0.03,0,0.9
0,60.6,0,0.0,0.7,0.01,0,0.8
0,57.8,0,0.0,0.5,0.04,0,0.9
0,57.6,0,0.5,0.7,0.03,0,0.8
0,60.7,0,0.5,0.5,0.03,0,0.995
0,56.8,0,0.995,0.3,0.04,0,0.95
0,60.7,0,0.99,0.5,0.005,0,0.8
0,59.8,0,0.1,0.3,0.04,0,0.9
0,61.9,0,0.5,0.7,0.005,0,0.99
0,60.7,0,0.99,0.3,0.01,0,0.9
0,58.0,0,0.0,0.5,0.03,0,0.7
0,62.3,0,0.5,0.5,0.02,0,0.9
0,60.3,0,0.1,0.7,0.02,0,0.9
0,62.7,0,0.7,0.5,0.01,0,0.95
0,60.5,0,0.9,0.3,0.02,0,0.99
0,61.3,0,0.7,0.7,0.01,0,0.95
0,58.4,0,0.0,0.5,0.02,0,0.6
0,61.1,0,0.1,0.7,0.01,0,0.8
0,58.0,0,0.9,0.3,0.005,0,0.995
0,47.6,0,0.995,0.7,0.03,0,0.9
0,56.8,0,0.995,0.7,0.04,0,0.7
0,46.4,0,0.995,0.5,0.02,0,0.95
0,60.3,0,0.99,0.5,0.02,0,0.6
0,57.3,0,0.7,0.7,0.04,0,0.8
0,61.3,0,0.95,0.3,0.04,0,0.7
0,26.6,0,0.995,0.5,0.005,0,0.995
0,61.3,0,0.9,0.5,0.01,0,0.7
0,62.8,0,0.5,0.5,0.01,0,0.995
0,54.8,0,0.0,0.7,0.04,0,0.995
0,55.3,0,0.5,0.7,0.04,0,0.6
0,57.4,0,0.5,0.7,0.04,0,0.995
0,61.8,0,0.0,0.3,0.01,0,0.6
0,59.1,0,0.99,0.5,0.04,0,0.8
0,55.9,0,0.1,0.7,0.04,0,0.995
1,60.9,0,0.5,0.3,0.04,0,0.7
1,56.7,0,0.7,0.7,0.03,0,0.6
1,60.8,0,0.99,0.5,0.01,0,0.8
1,57.4,0,0.99,0.3,0.03,0,0.95
1,56.5,0,0.3,0.7,0.03,0,0.6
1,58.5,0,0.1,0.5,0.04,0,0.95
1,62.6,0,0.995,0.3,0.02,0,0.8
1,60.7,0,0.99,0.5,0.005,0,0.8
1,60.2,0,0.1,0.3,0.03,0,0.99
1,55.5,0,0.99,0.7,0.04,0,0.8
1,61.5,0,0.0,0.3,0.02,0,0.8
1,56.4,0,0.1,0.7,0.03,0,0.7
1,59.9,0,0.5,0.5,0.04,0,0.99
1,63.2,0,0.9,0.3,0.01,0,0.8
1,60.7,0,0.3,0.3,0.03,0,0.6
1,55.6,0,0.99,0.5,0.04,0,0.9
1,41.9,0,0.99,0.7,0.04,0,0.95
1,60.4,0,0.95,0.5,0.02,0,0.6
1,59.7,0,0.0,0.5,0.02,0,0.995
1,60.0,0,0.1,0.5,0.03,0,0.9
1,62.8,0,0.5,0.5,0.01,0,0.995
1,55.9,0,0.1,0.7,0.04,0,0.995
1,59.5,0,0.9,0.3,0.04,0,0.99
1,58.0,0,0.0,0.7,0.03,0,0.95
1,60.9,0,0.9,0.5,0.01,0,0.6
1,61.6,0,0.5,0.7,0.01,0,0.95
1,62.9,0,0.5,0.3,0.02,0,0.7
1,61.8,0,0.0,0.3,0.01,0,0.6
1,61.5,0,0.7,0.3,0.04,0,0.7
1,61.3,0,0.7,0.7,0.01,0,0.95
1,61.9,0,0.5,0.7,0.005,0,0.99
1,61.2,0,0.995,0.3,0.04,0,0.6
1,59.5,0,0.5,0.5,0.04,0,0.8
1,57.4,0,0.5,0.7,0.04,0,0.995
1,62.9,0,0.3,0.3,0.02,0,0.9
1,62.1,0,0.5,0.7,0.005,0,0.95
1,61.1,0,0.1,0.7,0.01,0,0.8
1,57.4,0,0.1,0.5,0.04,0,0.995
1,62.9,0,0.1,0.3,0.01,0,0.9
1,63.0,0,0.5,0.5,0.01,0,0.99
1,56.8,0,0.995,0.7,0.04,0,0.7
1,59.4,0,0.7,0.5,0.04,0,0.995
1,58.6,0,0.0,0.7,0.01,0,0.6
1,62.2,0,0.1,0.3,0.01,0,0.6
1,48.6,0,0.9,0.7,0.005,0,0.99
1,62.3,0,0.5,0.3,0.02,0,0.99
1,44.3,0,0.95,0.5,0.01,0,0.995
1,61.8,0,0.1,0.5,0.01,0,0.995
1,57.8,0,0.0,0.5,0.04,0,0.9
1,48.0,0,0.995,0.7,0.04,0,0.9
1,60.0,0,0.95,0.5,0.03,0,0.8
1,60.1,0,0.9,0.3,0.02,0,0.995
1,57.9,0,0.9,0.7,0.02,0,0.6
1,61.2,0,0.0,0.3,0.01,0,0.99
1,63.2,0,0.5,0.5,0.01,0,0.9
1,60.5,0,0.9,0.3,0.02,0,0.99
1,56.5,0,0.995,0.7,0.02,0,0.8
1,60.7,0,0.1,0.5,0.02,0,0.8
1,61.3,0,0.5,0.7,0.01,0,0.99
1,62.1,0,0.1,0.7,0.01,0,0.99
1,61.1,0,0.995,0.3,0.04,0,0.8
1,60.9,0,0.99,0.3,0.04,0,0.8
1,60.1,0,0.0,0.3,0.01,0,0.995
2,61.1,0,0.995,0.3,0.04,0,0.8
2,28.7,0,0.995,0.5,0.01,0,0.99
2,61.3,0,0.1,0.3,0.02,0,0.99
2,58.9,0,0.1,0.3,0.005,0,0.995
2,58.6,0,0.0,0.7,0.02,0,0.995
2,62.1,0,0.5,0.7,0.005,0,0.95
2,60.9,0,0.9,0.5,0.01,0,0.6
2,62.7,0,0.0,0.3,0.01,0,0.9
2,61.3,0,0.7,0.7,0.01,0,0.95
2,61.2,0,0.995,0.3,0.04,0,0.6
2,63.0,0,0.5,0.3,0.02,0,0.9
2,61.5,0,0.7,0.3,0.04,0,0.7
2,63.5,0,0.7,0.3,0.01,0,0.9
2,52.7,0,0.95,0.7,0.04,0,0.9
2,55.3,0,0.0,0.7,0.04,0,0.8
2,62.8,0,0.5,0.5,0.01,0,0.995
2,56.1,0,0.0,0.7,0.03,0,0.7
2,61.2,0,0.95,0.5,0.005,0,0.7
2,62.3,0,0.5,0.3,0.02,0,0.99
2,25.6,0,0.995,0.5,0.04,0,0.995
2,63.2,0,0.5,0.5,0.005,0,0.9
2,62.8,0,0.7,0.3,0.02,0,0.7
2,63.0,0,0.5,0.5,0.01,0,0.99
2,60.7,0,0.995,0.5,0.01,0,0.6
2,59.5,0,0.995,0.3,0.04,0,0.9
2,60.1,0,0.9,0.3,0.02,0,0.995
2,57.9,0,0.9,0.7,0.02,0,0.6
2,63.2,0,0.9,0.3,0.01,0,0.8
2,62.8,0,0.7,0.5,0.01,0,0.9
2,63.5,0,0.1,0.7,0.005,0,0.95
2,61.3,0,0.0,0.3,0.02,0,0.7
2,61.3,0,0.5,0.7,0.01,0,0.99
2,62.0,0,0.1,0.7,0.005,0,0.8
2,56.1,0,0.95,0.3,0.02,0,0.995
2,62.0,0,0.3,0.5,0.02,0,0.9
2,55.8,0,0.9,0.5,0.01,0,0.995
2,59.2,0,0.95,0.7,0.01,0,0.7
2,59.8,0,0.9,0.5,0.03,0,0.9
2,62.6,0,0.995,0.3,0.02,0,0.8
2,63.3,0,0.95,0.3,0.01,0,0.7
2,63.1,0,0.5,0.3,0.005,0,0.7
2,59.8,0,0.1,0.3,0.04,0,0.9
2,61.1,0,0.3,0.3,0.04,0,0.9
2,63.2,0,0.7,0.3,0.02,0,0.9
2,60.8,0,0.7,0.3,0.04,0,0.6
2,62.2,0,0.1,0.3,0.01,0,0.6
2,60.8,0,0.7,0.5,0.02,0,0.6
2,59.7,0,0.9,0.3,0.03,0,0.995
2,62.3,0,0.0,0.5,0.01,0,0.9
2,61.3,0,0.9,0.3,0.04,0,0.7
2,61.9,0,0.3,0.3,0.02,0,0.99
2,48.3,0,0.9,0.7,0.01,0,0.99
2,60.3,0,0.9,0.5,0.02,0,0.6
2,62.5,0,0.3,0.3,0.01,0,0.6
2,60.8,0,0.99,0.5,0.01,0,0.8
2,60.7,0,0.99,0.5,0.005,0,0.8
2,62.3,0,0.5,0.5,0.02,0,0.99
2,63.5,0,0.7,0.3,0.005,0,0.7
2,61.6,0,0.5,0.3,0.04,0,0.9
2,62.9,0,0.3,0.3,0.02,0,0.9
2,60.9,0,0.5,0.3,0.04,0,0.7
2,61.3,0,0.99,0.5,0.01,0,0.7
2,59.3,0,0.7,0.7,0.02,0,0.8
3,63.3,0,0.95,0.3,0.01,0,0.7
3,61.3,0,0.0,0.3,0.02,0,0.7
3,60.3,0,0.5,0.5,0.04,0,0.95
3,63.5,0,0.7,0.3,0.005,0,0.7
3,62.2,0,0.1,0.3,0.01,0,0.6
3,62.8,0,0.9,0.3,0.02,0,0.8
3,62.3,0,0.0,0.5,0.01,0,0.9
3,62.3,0,0.5,0.5,0.02,0,0.99
3,59.9,0,0.5,0.7,0.005,0,0.8
3,63.0,0,0.5,0.3,0.02,0,0.9
3,47.5,0,0.95,0.7,0.02,0,0.95
3,57.5,0,0.1,0.7,0.03,0,0.995
3,59.2,0,0.1,0.5,0.02,0,0.6
3,60.9,0,0.95,0.5,0.02,0,0.8
3,61.8,0,0.3,0.3,0.03,0,0.9
3,62.5,0,0.7,0.3,0.03,0,0.95
3,57.6,0,0.0,0.7,0.03,0,0.9
3,62.2,0,0.7,0.3,0.03,0,0.7
3,59.4,0,0.1,0.5,0.03,0,0.8
3,60.8,0,0.5,0.7,0.01,0,0.9
3,29.4,0,0.95,0.7,0.02,0,0.99
3,59.8,0,0.1,0.3,0.04,0,0.8
3,62.4,0,0.5,0.5,0.01,0,0.7
3,45.7,0,0.99,0.3,0.02,0,0.99
3,59.2,0,0.95,0.7,0.005,0,0.8
3,60.7,0,0.95,0.3,0.01,0,0.95
3,59.6,0,0.95,0.7,0.005,0,0.7
3,57.8,0,0.995,0.7,0.02,0,0.6
3,59.4,0,0.1,0.7,0.005,0,0.6
3,62.1,0,0.9,0.3,0.005,0,0.9
3,62.9,0,0.1,0.3,0.01,0,0.9
3,63.0,0,0.5,0.5,0.01,0,0.99
3,62.8,0,0.1,0.5,0.005,0,0.8
3,61.9,0,0.995,0.3,0.03,0,0.8
3,57.5,0,0.1,0.7,0.03,0,0.8
3,61.2,0,0.3,0.5,0.01,0,0.6
3,59.8,0,0.0,0.3,0.03,0,0.99
3,63.1,0,0.5,0.3,0.005,0,0.7
3,44.8,0,0.9,0.7,0.02,0,0.995
3,60.9,0,0.95,0.5,0.01,0,0.6
3,57.7,0,0.0,0.7,0.02,0,0.7
3,59.5,0,0.1,0.7,0.02,0,0.8
3,60.9,0,0.5,0.7,0.01,0,0.995
3,59.6,0,0.995,0.7,0.005,0,0.7
3,61.7,0,0.0,0.3,0.005,0,0.95
3,63.5,0,0.1,0.7,0.005,0,0.95
3,62.5,0,0.99,0.3,0.02,0,0.7
3,47.6,0,0.995,0.7,0.03,0,0.9
3,62.9,0,0.1,0.7,0.005,0,0.9
3,55.4,0,0.95,0.3,0.01,0,0.995
3,62.9,0,0.7,0.3,0.005,0,0.9
3,22.7,0,0.995,0.7,0.01,0,0.995
3,59.6,0,0.7,0.5,0.04,0,0.8
3,62.0,0,0.1,0.7,0.005,0,0.8
3,62.8,0,0.5,0.3,0.01,0,0.6
3,62.5,0,0.3,0.3,0.01,0,0.6
3,47.6,0,0.995,0.7,0.03,0,0.9
3,63.5,0,0.7,0.3,0.01,0,0.9
3,63.2,0,0.5,0.5,0.005,0,0.9
3,62.9,0,0.3,0.3,0.02,0,0.9
3,25.6,0,0.995,0.5,0.04,0,0.995
3,61.3,0,0.1,0.3,0.02,0,0.99
3,62.7,0,0.3,0.3,0.005,0,0.9
4,60.1,0,0.7,0.7,0.01,0,0.8
4,61.0,0,0.99,0.5,0.01,0,0.6
4,58.0,0,0.1,0.5,0.04,0,0.8
4,60.4,0,0.3,0.7,0.02,0,0.995
4,62.8,0,0.1,0.5,0.005,0,0.8
4,63.0,0,0.5,0.3,0.02,0,0.9
4,63.2,0,0.5,0.5,0.01,0,0.9
4,62.0,0,0.1,0.7,0.005,0,0.8
4,55.8,0,0.1,0.7,0.04,0,0.8
4,61.2,0,0.3,0.5,0.01,0,0.6
4,63.2,0,0.5,0.5,0.005,0,0.9
4,61.8,0,0.9,0.3,0.03,0,0.9
4,43.8,0,0.95,0.5,0.02,0,0.995
4,55.5,0,0.5,0.7,0.04,0,0.7
4,63.5,0,0.7,0.3,0.005,0,0.7
4,62.1,0,0.5,0.7,0.005,0,0.95
4,61.6,0,0.5,0.5,0.01,0,0.6
4,62.2,0,0.7,0.3,0.03,0,0.7
4,61.8,0,0.95,0.3,0.03,0,0.6
4,59.4,0,0.99,0.5,0.03,0,0.6
4,60.9,0,0.5,0.7,0.01,0,0.995
4,60.7,0,0.99,0.3,0.02,0,0.9
4,61.1,0,0.1,0.7,0.01,0,0.8
4,60.3,0,0.7,0.3,0.005,0,0.995
4,62.6,0,0.0,0.3,0.01,0,0.8
4,62.6,0,0.995,0.3,0.02,0,0.7
4,61.3,0,0.7,0.5,0.02,0,0.995
4,60.8,0,0.5,0.7,0.01,0,0.9
4,61.3,0,0.9,0.3,0.005,0,0.95
4,59.2,0,0.3,0.7,0.01,0,0.6
4,62.3,0,0.0,0.5,0.01,0,0.9
4,62.3,0,0.5,0.5,0.02,0,0.99
4,60.5,0,0.9,0.7,0.005,0,0.8
4,62.3,0,0.5,0.5,0.02,0,0.9
4,62.5,0,0.99,0.3,0.02,0,0.7
4,58.6,0,0.0,0.7,0.01,0,0.6
4,61.3,0,0.5,0.7,0.01,0,0.99
4,62.4,0,0.99,0.3,0.02,0,0.6
4,61.8,0,0.3,0.3,0.03,0,0.9
4,63.4,0,0.3,0.5,0.005,0,0.9
4,59.4,0,0.1,0.7,0.005,0,0.6
4,57.7,0,0.95,0.7,0.03,0,0.7
4,60.3,0,0.3,0.5,0.03,0,0.99
4,63.3,0,0.95,0.3,0.01,0,0.7
4,61.4,0,0.3,0.5,0.02,0,0.8
4,59.5,0,0.1,0.7,0.02,0,0.8
4,57.2,0,0.7,0.7,0.04,0,0.995
4,63.5,0,0.1,0.7,0.005,0,0.95
4,62.9,0,0.1,0.3,0.01,0,0.9
4,62.7,0,0.3,0.3,0.005,0,0.9
4,63.8,0,0.5,0.3,0.01,0,0.9
4,61.6,0,0.95,0.3,0.02,0,0.9
4,59.9,0,0.5,0.7,0.02,0,0.9
4,62.0,0,0.1,0.7,0.01,0,0.9
4,55.5,0,0.99,0.7,0.04,0,0.8
4,60.7,0,0.95,0.3,0.01,0,0.95
4,62.5,0,0.3,0.3,0.005,0,0.6
4,61.7,0,0.7,0.5,0.01,0,0.6
4,62.7,0,0.1,0.3,0.01,0,0.7
4,61.8,0,0.3,0.3,0.03,0,0.95
4,63.1,0,0.7,0.3,0.01,0,0.6
4,62.8,0,0.5,0.3,0.01,0,0.6
4,61.8,0,0.3,0.5,0.01,0,0.7
5,59.0,0,0.0,0.3,0.04,0,0.7
5,57.2,0,0.7,0.7,0.04,0,0.995
5,63.4,0,0.3,0.3,0.01,0,0.8
5,62.5,0,0.7,0.3,0.03,0,0.95
5,28.2,0,0.995,0.5,0.02,0,0.99
5,60.2,0,0.3,0.3,0.03,0,0.995
5,62.0,0,0.1,0.7,0.01,0,0.9
5,45.3,0,0.995,0.5,0.005,0,0.95
5,62.8,0,0.99,0.3,0.005,0,0.6
5,62.3,0,0.0,0.5,0.01,0,0.9
5,60.9,0,0.5,0.7,0.01,0,0.995
5,62.3,0,0.995,0.3,0.005,0,0.8
5,60.2,0,0.3,0.3,0.03,0,0.995
5,61.0,0,0.95,0.5,0.01,0,0.8
5,56.4,0,0.7,0.7,0.04,0,0.7
5,62.7,0,0.3,0.3,0.005,0,0.9
5,31.3,0,0.995,0.5,0.04,0,0.99
5,62.8,0,0.1,0.5,0.005,0,0.8
5,49.1,0,0.99,0.5,0.04,0,0.95
5,63.2,0,0.5,0.5,0.01,0,0.9
5,62.5,0,0.3,0.3,0.005,0,0.6
5,62.9,0,0.1,0.3,0.01,0,0.9
5,63.3,0,0.95,0.3,0.01,0,0.7
5,58.7,0,0.5,0.7,0.03,0,0.9
5,57.5,0,0.95,0.7,0.03,0,0.8
5,59.5,0,0.3,0.5,0.04,0,0.9
5,60.4,0,0.995,0.5,0.02,0,0.7
5,61.3,0,0.95,0.5,0.01,0,0.7
5,62.7,0,0.7,0.5,0.01,0,0.95
5,58.9,0,0.3,0.7,0.03,0,0.99
5,62.6,0,0.1,0.3,0.01,0,0.95
5,58.0,0,0.5,0.7,0.04,0,0.95
5,62.7,0,0.5,0.3,0.005,0,0.9
5,62.1,0,0.3,0.5,0.005,0,0.7
5,61.5,0,0.7,0.3,0.04,0,0.8
5,58.0,0,0.0,0.5,0.03,0,0.7
5,63.4,0,0.3,0.5,0.005,0,0.9
5,61.7,0,0.1,0.3,0.02,0,0.7
5,62.3,0,0.1,0.3,0.005,0,0.7
5,63.0,0,0.5,0.3,0.02,0,0.9
5,62.5,0,0.3,0.7,0.01,0,0.99
5,61.3,0,0.1,0.3,0.02,0,0.99
5,58.9,0,0.99,0.5,0.04,0,0.7
5,63.0,0,0.1,0.3,0.01,0,0.8
5,63.8,0,0.5,0.3,0.01,0,0.9
5,60.3,0,0.1,0.7,0.02,0,0.9
5,60.0,0,0.995,0.3,0.005,0,0.9
5,63.2,0,0.5,0.5,0.005,0,0.9
5,43.8,0,0.95,0.5,0.03,0,0.995
5,63.5,0,0.7,0.3,0.005,0,0.7
5,60.7,0,0.99,0.3,0.01,0,0.9
5,58.6,0,0.7,0.7,0.01,0,0.6
5,24.3,0,0.99,0.7,0.04,0,0.995
5,62.1,0,0.0,0.7,0.01,0,0.95
5,61.8,0,0.1,0.3,0.02,0,0.8
5,60.6,0,0.995,0.5,0.005,0,0.8
5,62.4,0,0.5,0.5,0.01,0,0.7
5,62.7,0,0.1,0.3,0.01,0,0.7
5,61.1,0,0.995,0.5,0.005,0,0.7
5,62.3,0,0.3,0.3,0.02,0,0.7
5,62.9,0,0.5,0.3,0.02,0,0.7
5,62.6,0,0.995,0.3,0.02,0,0.7
5,59.5,0,0.1,0.7,0.02,0,0.8
6,63.3,0,0.95,0.3,0.01,0,0.7
6,62.7,0,0.5,0.3,0.005,0,0.9
6,62.6,0,0.995,0.3,0.02,0,0.7
6,62.2,0,0.7,0.3,0.03,0,0.7
6,58.9,0,0.995,0.5,0.04,0,0.7
6,56.7,0,0.995,0.3,0.03,0,0.95
6,63.4,0,0.3,0.3,0.01,0,0.8
6,47.5,0,0.995,0.7,0.02,0,0.9
6,59.9,0,0.1,0.7,0.01,0,0.7
6,59.4,0,0.9,0.5,0.03,0,0.6
6,61.7,0,0.0,0.7,0.01,0,0.99
6,61.1,0,0.3,0.7,0.005,0,0.7
6,57.5,0,0.3,0.7,0.04,0,0.99
6,62.7,0,0.99,0.3,0.01,0,0.8
6,58.6,0,0.7,0.7,0.01,0,0.6
6,61.1,0,0.1,0.7,0.01,0,0.8
6,62.6,0,0.1,0.3,0.01,0,0.95
6,62.3,0,0.1,0.3,0.005,0,0.7
6,58.8,0,0.3,0.5,0.04,0,0.995
6,60.6,0,0.995,0.3,0.01,0,0.9
6,57.0,0,0.1,0.7,0.02,0,0.6
6,62.0,0,0.99,0.3,0.03,0,0.6
6,59.2,0,0.7,0.7,0.03,0,0.95
6,62.9,0,0.1,0.3,0.01,0,0.9
6,62.5,0,0.3,0.3,0.01,0,0.6
6,62.6,0,0.995,0.3,0.02,0,0.8
6,60.5,0,0.5,0.3,0.04,0,0.99
6,62.3,0,0.1,0.3,0.02,0,0.9
6,58.7,0,0.99,0.7,0.02,0,0.7
6,62.8,0,0.5,0.3,0.01,0,0.6
6,62.1,0,0.9,0.3,0.005,0,0.9
6,60.0,0,0.99,0.3,0.005,0,0.9
6,57.5,0,0.99,0.3,0.04,0,0.95
6,61.3,0,0.1,0.3,0.02,0,0.99
6,60.9,0,0.1,0.5,0.02,0,0.99
6,57.5,0,0.95,0.7,0.03,0,0.8
6,59.8,0,0.3,0.7,0.005,0,0.6
6,24.2,0,0.995,0.7,0.01,0,0.99
6,62.8,0,0.95,0.3,0.01,0,0.8
6,59.6,0,0.7,0.5,0.04,0,0.8
6,62.8,0,0.1,0.5,0.01,0,0.9
6,63.3,0,0.7,0.3,0.01,0,0.95
6,60.9,0,0.0,0.5,0.02,0,0.9
6,62.8,0,0.7,0.5,0.01,0,0.9
6,62.9,0,0.95,0.3,0.005,0,0.7
6,63.1,0,0.3,0.3,0.01,0,0.7
6,56.7,0,0.995,0.3,0.03,0,0.95
6,63.8,0,0.5,0.3,0.01,0,0.9
6,62.8,0,0.3,0.7,0.005,0,0.9
6,62.3,0,0.0,0.7,0.005,0,0.99
6,62.0,0,0.1,0.3,0.005,0,0.6
6,62.8,0,0.99,0.3,0.005,0,0.6
6,61.1,0,0.3,0.3,0.04,0,0.9
6,62.9,0,0.7,0.3,0.005,0,0.9
6,61.8,0,0.5,0.3,0.01,0,0.995
6,60.9,0,0.5,0.7,0.01,0,0.995
6,63.2,0,0.5,0.5,0.005,0,0.9
6,62.7,0,0.3,0.3,0.005,0,0.9
6,59.5,0,0.5,0.7,0.01,0,0.8
6,61.5,0,0.7,0.3,0.04,0,0.8
6,60.1,0,0.1,0.5,0.03,0,0.95
6,62.5,0,0.3,0.3,0.005,0,0.6
6,62.1,0,0.1,0.7,0.01,0,0.99
7,40.2,0,0.995,0.3,0.01,0,0.995
7,63.2,0,0.7,0.3,0.02,0,0.9
7,61.2,0,0.5,0.3,0.04,0,0.95
7,57.7,0,0.95,0.7,0.03,0,0.7
7,61.0,0,0.0,0.5,0.01,0,0.995
7,59.2,0,0.7,0.7,0.03,0,0.95
7,63.3,0,0.1,0.5,0.01,0,0.95
7,62.8,0,0.95,0.3,0.01,0,0.8
7,60.9,0,0.7,0.3,0.04,0,0.995
7,35.0,0,0.99,0.5,0.04,0,0.99
7,56.9,0,0.0,0.5,0.03,0,0.6
7,61.6,0,0.5,0.5,0.01,0,0.6
7,58.4,0,0.9,0.5,0.04,0,0.6
7,60.7,0,0.995,0.5,0.01,0,0.6
7,61.3,0,0.9,0.3,0.005,0,0.95
7,62.2,0,0.9,0.3,0.03,0,0.8
7,61.1,0,0.1,0.3,0.03,0,0.8
7,54.2,0,0.9,0.7,0.01,0,0.95
7,56.7,0,0.9,0.5,0.03,0,0.99
7,62.7,0,0.7,0.3,0.02,0,0.6
7,57.2,0,0.1,0.5,0.04,0,0.7
7,62.9,0,0.1,0.3,0.01,0,0.9
7,54.1,0,0.995,0.5,0.01,0,0.9
7,62.9,0,0.95,0.3,0.005,0,0.8
7,62.9,0,0.7,0.3,0.02,0,0.95
7,62.8,0,0.1,0.5,0.01,0,0.9
7,62.7,0,0.0,0.3,0.01,0,0.9
7,59.8,0,0.0,0.3,0.03,0,0.99
7,62.4,0,0.99,0.3,0.02,0,0.8
7,57.1,0,0.9,0.5,0.01,0,0.99
7,62.9,0,0.95,0.3,0.005,0,0.7
7,61.1,0,0.7,0.3,0.03,0,0.995
7,62.8,0,0.99,0.3,0.005,0,0.6
7,63.1,0,0.5,0.3,0.02,0,0.8
7,62.8,0,0.5,0.3,0.01,0,0.6
7,63.2,0,0.5,0.5,0.005,0,0.9
7,62.5,0,0.3,0.3,0.005,0,0.6
7,63.1,0,0.99,0.3,0.01,0,0.6
7,62.9,0,0.7,0.3,0.005,0,0.9
7,62.1,0,0.0,0.3,0.005,0,0.7
7,57.5,0,0.95,0.7,0.03,0,0.8
7,59.8,0,0.3,0.7,0.005,0,0.6
7,60.0,0,0.99,0.3,0.005,0,0.9
7,63.8,0,0.5,0.3,0.01,0,0.9
7,61.3,0,0.5,0.3,0.03,0,0.6
7,56.4,0,0.995,0.7,0.005,0,0.8
7,61.4,0,0.1,0.3,0.03,0,0.9
7,61.3,0,0.7,0.7,0.01,0,0.9
7,52.8,0,0.95,0.7,0.03,0,0.9
7,62.7,0,0.95,0.3,0.005,0,0.6
7,62.5,0,0.3,0.3,0.01,0,0.6
7,62.9,0,0.1,0.7,0.005,0,0.9
7,63.3,0,0.95,0.3,0.01,0,0.7
7,63.1,0,0.3,0.3,0.01,0,0.7
7,62.7,0,0.1,0.3,0.01,0,0.7
7,62.3,0,0.1,0.3,0.005,0,0.7
7,62.0,0,0.99,0.3,0.03,0,0.6
7,60.0,0,0.1,0.3,0.03,0,0.6
7,62.6,0,0.1,0.3,0.005,0,0.9
7,63.7,0,0.3,0.3,0.01,0,0.9
7,63.0,0,0.5,0.3,0.02,0,0.9
7,60.6,0,0.995,0.3,0.01,0,0.9
7,62.6,0,0.995,0.3,0.02,0,0.8
8,60.7,0,0.995,0.5,0.01,0,0.6
8,57.1,0,0.0,0.5,0.04,0,0.8
8,60.7,0,0.3,0.3,0.03,0,0.6
8,35.0,0,0.99,0.5,0.04,0,0.99
8,25.4,0,0.995,0.5,0.03,0,0.995
8,24.0,0,0.995,0.7,0.03,0,0.995
8,62.0,0,0.3,0.7,0.01,0,0.995
8,60.1,0,0.7,0.7,0.005,0,0.995
8,55.6,0,0.99,0.5,0.02,0,0.9
8,61.6,0,0.5,0.5,0.01,0,0.6
8,56.9,0,0.95,0.7,0.04,0,0.8
8,59.5,0,0.995,0.3,0.04,0,0.9
8,60.6,0,0.0,0.5,0.01,0,0.7
8,24.0,0,0.995,0.7,0.005,0,0.99
8,62.6,0,0.1,0.3,0.005,0,0.9
8,57.2,0,0.1,0.5,0.04,0,0.7
8,62.8,0,0.95,0.3,0.01,0,0.8
8,63.2,0,0.5,0.5,0.005,0,0.9
8,61.1,0,0.3,0.5,0.02,0,0.995
8,62.1,0,0.3,0.5,0.005,0,0.7
8,61.3,0,0.9,0.3,0.005,0,0.95
8,58.5,0,0.1,0.5,0.04,0,0.95
8,58.0,0,0.1,0.5,0.04,0,0.8
8,62.7,0,0.7,0.5,0.01,0,0.95
8,55.0,0,0.995,0.5,0.02,0,0.9
8,60.0,0,0.95,0.3,0.03,0,0.95
8,62.3,0,0.0,0.5,0.01,0,0.9
8,62.9,0,0.95,0.3,0.005,0,0.7
8,59.8,0,0.1,0.3,0.04,0,0.9
8,25.7,0,0.95,0.7,0.01,0,0.995
8,62.9,0,0.0,0.5,0.01,0,0.95
8,62.5,0,0.5,0.3,0.02,0,0.6
8,63.4,0,0.3,0.3,0.01,0,0.8
8,61.8,0,0.1,0.5,0.01,0,0.995
8,61.9,0,0.1,0.3,0.005,0,0.95
8,62.5,0,0.7,0.5,0.005,0,0.9
8,62.3,0,0.1,0.3,0.02,0,0.9
8,63.2,0,0.9,0.3,0.01,0,0.8
8,62.6,0,0.1,0.3,0.01,0,0.95
8,58.2,0,0.9,0.7,0.03,0,0.8
8,63.1,0,0.5,0.3,0.02,0,0.8
8,60.4,0,0.3,0.7,0.02,0,0.995
8,61.9,0,0.3,0.5,0.005,0,0.995
8,61.1,0,0.1,0.3,0.02,0,0.6
8,62.9,0,0.1,0.7,0.005,0,0.9
8,63.3,0,0.1,0.5,0.01,0,0.95
8,62.9,0,0.7,0.3,0.005,0,0.8
8,62.9,0,0.95,0.3,0.005,0,0.8
8,60.3,0,0.5,0.5,0.02,0,0.6
8,59.9,0,0.1,0.3,0.04,0,0.95
8,57.3,0,0.95,0.7,0.03,0,0.6
8,63.1,0,0.3,0.3,0.01,0,0.7
8,58.2,0,0.1,0.7,0.02,0,0.7
8,63.0,0,0.5,0.3,0.02,0,0.9
8,62.9,0,0.1,0.3,0.01,0,0.9
8,57.0,0,0.3,0.7,0.04,0,0.8
8,56.9,0,0.9,0.7,0.04,0,0.7
8,63.8,0,0.5,0.3,0.01,0,0.9
8,62.7,0,0.1,0.3,0.01,0,0.7
8,61.3,0,0.1,0.5,0.01,0,0.7
8,62.7,0,0.95,0.3,0.005,0,0.6
8,62.7,0,0.7,0.3,0.02,0,0.6
8,62.5,0,0.3,0.3,0.01,0,0.6
9,61.8,0,0.7,0.3,0.01,0,0.995
9,60.6,0,0.1,0.3,0.03,0,0.7
9,62.9,0,0.95,0.3,0.005,0,0.7
9,62.1,0,0.3,0.5,0.005,0,0.7
9,62.3,0,0.1,0.3,0.02,0,0.9
9,55.3,0,0.0,0.7,0.04,0,0.99
9,59.9,0,0.5,0.7,0.02,0,0.9
9,61.2,0,0.5,0.3,0.04,0,0.95
9,61.1,0,0.95,0.5,0.005,0,0.8
9,61.3,0,0.5,0.3,0.03,0,0.6
9,60.3,0,0.9,0.7,0.01,0,0.8
9,62.3,0,0.0,0.5,0.01,0,0.9
9,61.2,0,0.9,0.5,0.02,0,0.8
9,58.5,0,0.1,0.5,0.04,0,0.95
9,62.0,0,0.1,0.3,0.005,0,0.6
9,62.5,0,0.1,0.5,0.01,0,0.99
9,63.1,0,0.5,0.3,0.02,0,0.8
9,63.4,0,0.3,0.3,0.01,0,0.8
9,59.9,0,0.1,0.3,0.04,0,0.95
9,59.6,0,0.5,0.7,0.02,0,0.995
9,59.9,0,0.1,0.7,0.01,0,0.7
9,55.0,0,0.99,0.5,0.01,0,0.9
9,56.7,0,0.1,0.7,0.04,0,0.9
9,62.3,0,0.3,0.3,0.02,0,0.7
9,47.4,0,0.995,0.5,0.03,0,0.95
9,54.0,0,0.1,0.7,0.04,0,0.6
9,62.8,0,0.7,0.5,0.01,0,0.9
9,62.2,0,0.7,0.5,0.005,0,0.8
9,62.6,0,0.1,0.3,0.005,0,0.9
9,62.9,0,0.7,0.3,0.005,0,0.8
9,55.3,0,0.95,0.5,0.02,0,0.95
9,62.9,0,0.0,0.7,0.005,0,0.9
9,59.1,0,0.99,0.5,0.04,0,0.8
9,61.4,0,0.1,0.5,0.02,0,0.95
9,58.8,0,0.5,0.5,0.04,0,0.7
9,63.3,0,0.1,0.5,0.01,0,0.95
9,63.1,0,0.3,0.3,0.01,0,0.7
9,62.9,0,0.7,0.3,0.005,0,0.9
9,63.5,0,0.7,0.3,0.005,0,0.7
9,59.6,0,0.7,0.5,0.04,0,0.8
9,60.1,0,0.7,0.5,0.03,0,0.995
9,62.4,0,0.1,0.5,0.01,0,0.8
9,58.9,0,0.9,0.3,0.04,0,0.995
9,61.4,0,0.3,0.3,0.01,0,0.995
9,62.9,0,0.95,0.3,0.005,0,0.8
9,63.7,0,0.7,0.3,0.01,0,0.8
9,62.9,0,0.1,0.7,0.005,0,0.9
9,62.5,0,0.7,0.5,0.005,0,0.9
9,63.0,0,0.1,0.3,0.01,0,0.8
9,62.8,0,0.95,0.3,0.01,0,0.8
9,58.7,0,0.1,0.7,0.01,0,0.6
9,60.7,0,0.995,0.5,0.01,0,0.6
9,58.1,0,0.3,0.5,0.04,0,0.7
9,61.6,0,0.1,0.5,0.005,0,0.7
9,57.4,0,0.1,0.5,0.04,0,0.995
9,57.4,0,0.1,0.5,0.04,0,0.995
9,61.1,0,0.3,0.7,0.005,0,0.7
9,62.7,0,0.1,0.3,0.01,0,0.7
9,62.1,0,0.3,0.5,0.01,0,0.995
9,61.8,0,0.1,0.5,0.01,0,0.995
9,61.0,0,0.0,0.5,0.01,0,0.995
9,62.0,0,0.3,0.7,0.01,0,0.995
9,61.8,0,0.3,0.5,0.01,0,0.7
10,63.0,0,0.3,0.3,0.005,0,0.7
10,57.5,0,0.3,0.7,0.04,0,0.99
10,61.3,0,0.99,0.5,0.01,0,0.7
10,62.4,0,0.1,0.5,0.01,0,0.8
10,62.3,0,0.1,0.3,0.02,0,0.9
10,62.1,0,0.95,0.3,0.03,0,0.7
10,62.7,0,0.0,0.3,0.01,0,0.9
10,58.2,0,0.7,0.7,0.04,0,0.9
10,62.8,0,0.1,0.5,0.005,0,0.8
10,61.3,0,0.95,0.3,0.04,0,0.7
10,63.3,0,0.1,0.5,0.01,0,0.95
10,62.9,0,0.95,0.3,0.005,0,0.8
10,62.5,0,0.7,0.3,0.005,0,0.95
10,61.6,0,0.5,0.5,0.01,0,0.6
10,62.9,0,0.1,0.7,0.005,0,0.9
10,61.7,0,0.9,0.3,0.03,0,0.6
10,59.2,0,0.0,0.7,0.005,0,0.6
10,62.3,0,0.3,0.3,0.005,0,0.95
10,62.1,0,0.3,0.5,0.01,0,0.995
10,60.6,0,0.7,0.7,0.02,0,0.95
10,62.4,0,0.0,0.3,0.01,0,0.95
10,61.3,0,0.7,0.7,0.01,0,0.9
10,61.4,0,0.1,0.5,0.02,0,0.95
10,62.5,0,0.1,0.5,0.01,0,0.99
10,61.1,0,0.95,0.5,0.005,0,0.8
10,63.2,0,0.7,0.3,0.02,0,0.8
10,55.0,0,0.995,0.3,0.005,0,0.95
10,59.6,0,0.7,0.7,0.02,0,0.99
10,60.9,0,0.1,0.5,0.02,0,0.99
10,59.8,0,0.9,0.3,0.01,0,0.995
10,61.4,0,0.3,0.3,0.01,0,0.995
10,63.5,0,0.7,0.3,0.005,0,0.7
10,62.8,0,0.9,0.3,0.02,0,0.8
10,61.7,0,0.9,0.5,0.01,0,0.8
10,47.7,0,0.99,0.7,0.005,0,0.9
10,61.8,0,0.7,0.3,0.04,0,0.9
10,60.0,0,0.7,0.7,0.01,0,0.995
10,62.1,0,0.7,0.5,0.005,0,0.6
10,54.0,0,0.1,0.7,0.04,0,0.6
10,62.0,0,0.7,0.5,0.01,0,0.995
10,60.0,0,0.7,0.7,0.005,0,0.8
10,60.3,0,0.1,0.7,0.02,0,0.9
10,60.7,0,0.1,0.5,0.02,0,0.8
10,61.2,0,0.9,0.5,0.02,0,0.8
10,58.7,0,0.0,0.5,0.03,0,0.99
10,58.0,0,0.9,0.3,0.005,0,0.995
10,61.2,0,0.9,0.5,0.005,0,0.8
10,61.6,0,0.7,0.5,0.02,0,0.8
10,62.4,0,0.1,0.5,0.01,0,0.8
10,58.5,0,0.0,0.3,0.005,0,0.995
10,62.9,0,0.7,0.3,0.005,0,0.9
10,60.4,0,0.995,0.5,0.02,0,0.7
10,62.5,0,0.1,0.5,0.01,0,0.99
10,62.9,0,0.7,0.3,0.005,0,0.8
10,63.1,0,0.1,0.5,0.005,0,0.95
10,62.7,0,0.7,0.5,0.01,0,0.95
10,62.8,0,0.7,0.5,0.01,0,0.9
10,63.1,0,0.1,0.5,0.005,0,0.9
10,62.5,0,0.7,0.5,0.005,0,0.9
10,62.6,0,0.1,0.3,0.005,0,0.9
10,62.2,0,0.7,0.5,0.005,0,0.8
10,63.7,0,0.7,0.3,0.01,0,0.8
10,63.0,0,0.1,0.3,0.01,0,0.8
11,59.9,0,0.5,0.7,0.005,0,0.8
11,55.6,0,0.99,0.5,0.02,0,0.9
11,54.1,0,0.9,0.7,0.005,0,0.95
11,61.1,0,0.3,0.3,0.04,0,0.9
11,63.0,0,0.5,0.5,0.01,0,0.99
11,56.2,0,0.1,0.7,0.04,0,0.99
11,61.3,0,0.99,0.5,0.01,0,0.7
11,62.5,0,0.7,0.5,0.005,0,0.9
11,58.0,0,0.1,0.7,0.03,0,0.99
11,59.1,0,0.0,0.7,0.02,0,0.99
11,55.3,0,0.995,0.5,0.04,0,0.9
11,59.4,0,0.95,0.5,0.01,0,0.9
11,58.0,0,0.0,0.5,0.03,0,0.7
11,60.6,0,0.7,0.7,0.02,0,0.95
11,61.2,0,0.0,0.3,0.01,0,0.99
11,23.8,0,0.99,0.7,0.005,0,0.995
11,24.0,0,0.995,0.7,0.03,0,0.995
11,54.0,0,0.9,0.7,0.02,0,0.95
11,62.8,0,0.7,0.5,0.01,0,0.9
11,62.1,0,0.5,0.7,0.005,0,0.95
11,60.9,0,0.0,0.5,0.005,0,0.995
11,55.1,0,0.1,0.7,0.04,0,0.7
11,62.9,0,0.95,0.3,0.005,0,0.8
11,60.6,0,0.0,0.5,0.01,0,0.7
11,55.3,0,0.95,0.5,0.04,0,0.95
11,62.1,0,0.3,0.5,0.01,0,0.995
11,58.1,0,0.95,0.7,0.02,0,0.6
11,57.3,0,0.7,0.7,0.04,0,0.8
11,59.5,0,0.9,0.5,0.04,0,0.9
11,61.4,0,0.3,0.3,0.01,0,0.995
11,25.4,0,0.995,0.5,0.03,0,0.995
11,61.0,0,0.5,0.5,0.02,0,0.7
11,60.4,0,0.0,0.7,0.005,0,0.7
11,63.7,0,0.7,0.3,0.01,0,0.8
11,63.0,0,0.3,0.3,0.005,0,0.7
11,61.5,0,0.0,0.3,0.02,0,0.8
11,55.1,0,0.995,0.5,0.03,0,0.9
11,63.0,0,0.1,0.3,0.01,0,0.8
11,61.0,0,0.3,0.7,0.02,0,0.95
11,63.1,0,0.1,0.5,0.005,0,0.95
11,63.0,0,0.995,0.3,0.005,0,0.7
11,59.9,0,0.1,0.5,0.02,0,0.7
11,61.6,0,0.1,0.5,0.005,0,0.7
11,62.7,0,0.7,0.5,0.01,0,0.95
11,63.1,0,0.3,0.5,0.005,0,0.8
11,61.1,0,0.95,0.5,0.005,0,0.8
11,61.1,0,0.95,0.5,0.005,0,0.8
11,62.3,0,0.1,0.3,0.02,0,0.9
11,61.5,0,0.1,0.3,0.01,0,0.99
11,60.9,0,0.7,0.5,0.02,0,0.7
11,62.6,0,0.7,0.5,0.005,0,0.95
11,60.0,0,0.1,0.3,0.03,0,0.6
11,62.7,0,0.1,0.3,0.01,0,0.7
11,62.0,0,0.99,0.3,0.03,0,0.6
11,62.9,0,0.7,0.3,0.005,0,0.8
11,62.9,0,0.3,0.3,0.005,0,0.8
11,61.6,0,0.7,0.5,0.02,0,0.8
11,63.2,0,0.7,0.3,0.02,0,0.8
11,60.9,0,0.1,0.5,0.02,0,0.99
11,60.7,0,0.3,0.3,0.005,0,0.99
11,59.9,0,0.95,0.3,0.005,0,0.95
11,62.5,0,0.7,0.3,0.005,0,0.95
11,63.5,0,0.7,0.3,0.005,0,0.7
12,63.1,0,0.1,0.7,0.005,0,0.99
12,56.2,0,0.99,0.7,0.04,0,0.6
12,59.8,0,0.3,0.7,0.02,0,0.8
12,55.9,0,0.99,0.3,0.005,0,0.95
12,61.1,0,0.95,0.5,0.005,0,0.8
12,58.0,0,0.0,0.5,0.03,0,0.7
12,59.5,0,0.9,0.3,0.04,0,0.99
12,58.0,0,0.9,0.3,0.005,0,0.995
12,62.7,0,0.3,0.5,0.005,0,0.99
12,63.2,0,0.995,0.3,0.01,0,0.6
12,62.3,0,0.0,0.7,0.005,0,0.99
12,62.9,0,0.3,0.5,0.01,0,0.99
12,44.0,0,0.99,0.3,0.04,0,0.995
12,61.0,0,0.3,0.7,0.02,0,0.95
12,62.9,0,0.3,0.3,0.005,0,0.8
12,62.3,0,0.3,0.7,0.005,0,0.995
12,59.3,0,0.95,0.5,0.04,0,0.8
12,60.4,0,0.0,0.3,0.03,0,0.8
12,59.7,0,0.9,0.5,0.02,0,0.95
12,62.5,0,0.7,0.5,0.005,0,0.9
12,60.9,0,0.0,0.5,0.005,0,0.995
12,63.0,0,0.995,0.3,0.005,0,0.7
12,57.3,0,0.7,0.7,0.04,0,0.8
12,55.9,0,0.995,0.3,0.01,0,0.95
12,63.0,0,0.3,0.3,0.005,0,0.7
12,60.2,0,0.99,0.3,0.03,0,0.9
12,61.6,0,0.5,0.3,0.04,0,0.9
12,61.0,0,0.7,0.3,0.005,0,0.99
12,62.6,0,0.9,0.3,0.01,0,0.9
12,63.1,0,0.5,0.3,0.02,0,0.8
12,63.0,0,0.5,0.5,0.01,0,0.99
12,62.0,0,0.99,0.3,0.03,0,0.6
12,60.9,0,0.99,0.3,0.04,0,0.8
12,40.5,0,0.995,0.7,0.04,0,0.95
12,45.3,0,0.995,0.3,0.04,0,0.99
12,56.0,0,0.3,0.7,0.04,0,0.7
12,63.1,0,0.3,0.5,0.005,0,0.8
12,59.9,0,0.5,0.5,0.04,0,0.99
12,62.3,0,0.7,0.3,0.01,0,0.99
12,62.4,0,0.5,0.3,0.01,0,0.99
12,62.8,0,0.95,0.3,0.02,0,0.8
12,61.0,0,0.3,0.5,0.03,0,0.9
12,60.3,0,0.0,0.5,0.02,0,0.8
12,63.2,0,0.7,0.3,0.02,0,0.8
12,59.3,0,0.1,0.5,0.03,0,0.99
12,58.0,0,0.1,0.7,0.03,0,0.99
12,62.7,0,0.3,0.5,0.01,0,0.8
12,63.1,0,0.1,0.5,0.005,0,0.95
12,62.9,0,0.7,0.3,0.005,0,0.9
12,53.7,0,0.995,0.5,0.005,0,0.9
12,55.0,0,0.995,0.3,0.005,0,0.95
12,54.5,0,0.99,0.5,0.005,0,0.9
12,60.7,0,0.3,0.3,0.005,0,0.99
12,46.9,0,0.95,0.5,0.005,0,0.99
12,63.3,0,0.5,0.3,0.01,0,0.95
12,55.6,0,0.99,0.5,0.02,0,0.9
12,62.6,0,0.1,0.3,0.01,0,0.95
12,62.5,0,0.7,0.3,0.005,0,0.95
12,62.3,0,0.3,0.3,0.005,0,0.95
12,59.9,0,0.95,0.3,0.005,0,0.95
12,62.2,0,0.7,0.5,0.005,0,0.99
12,61.5,0,0.1,0.3,0.01,0,0.99
12,63.5,0,0.7,0.3,0.005,0,0.7
13,63.0,0,0.5,0.5,0.01,0,0.99
13,59.8,0,0.3,0.7,0.02,0,0.8
13,60.6,0,0.1,0.7,0.005,0,0.7
13,24.0,0,0.995,0.7,0.005,0,0.99
13,61.4,0,0.3,0.5,0.02,0,0.8
13,63.5,0,0.7,0.3,0.005,0,0.7
13,62.6,0,0.1,0.3,0.005,0,0.9
13,62.9,0,0.7,0.3,0.005,0,0.9
13,60.9,0,0.1,0.5,0.02,0,0.99
13,59.3,0,0.5,0.7,0.01,0,0.6
13,62.2,0,0.3,0.7,0.01,0,0.9
13,42.6,0,0.995,0.3,0.03,0,0.995
13,60.9,0,0.7,0.3,0.04,0,0.995
13,56.8,0,0.5,0.7,0.03,0,0.6
13,62.5,0,0.3,0.7,0.01,0,0.99
13,60.1,0,0.9,0.5,0.01,0,0.95
13,61.6,0,0.7,0.5,0.005,0,0.995
13,62.5,0,0.1,0.5,0.005,0,0.99
13,58.7,0,0.5,0.7,0.03,0,0.9
13,62.9,0,0.95,0.3,0.02,0,0.7
13,63.2,0,0.7,0.3,0.02,0,0.8
13,29.4,0,0.95,0.7,0.02,0,0.99
13,62.4,0,0.5,0.3,0.01,0,0.99
13,56.2,0,0.995,0.7,0.04,0,0.6
13,61.7,0,0.5,0.5,0.02,0,0.8
13,63.1,0,0.1,0.5,0.005,0,0.95
13,61.5,0,0.0,0.3,0.02,0,0.8
13,62.1,0,0.1,0.7,0.005,0,0.995
13,61.5,0,0.7,0.3,0.04,0,0.8
13,61.8,0,0.3,0.3,0.03,0,0.8
13,63.0,0,0.3,0.3,0.005,0,0.7
13,62.0,0,0.3,0.5,0.02,0,0.9
13,61.7,0,0.7,0.5,0.01,0,0.6
13,59.5,0,0.95,0.5,0.03,0,0.6
13,58.6,0,0.7,0.7,0.02,0,0.7
13,63.4,0,0.5,0.5,0.005,0,0.95
13,30.5,0,0.99,0.5,0.005,0,0.99
13,60.8,0,0.995,0.5,0.005,0,0.6
13,56.9,0,0.0,0.7,0.03,0,0.99
13,61.0,0,0.7,0.3,0.005,0,0.99
13,63.1,0,0.1,0.7,0.005,0,0.99
13,55.8,0,0.1,0.7,0.04,0,0.8
13,63.1,0,0.99,0.3,0.01,0,0.6
13,63.4,0,0.5,0.3,0.005,0,0.8
13,61.0,0,0.3,0.5,0.03,0,0.9
13,63.2,0,0.5,0.5,0.01,0,0.9
13,56.9,0,0.95,0.7,0.04,0,0.8
13,55.6,0,0.99,0.5,0.02,0,0.9
13,63.1,0,0.3,0.5,0.005,0,0.8
13,59.5,0,0.1,0.7,0.02,0,0.8
13,62.3,0,0.0,0.7,0.005,0,0.99
13,62.3,0,0.7,0.3,0.01,0,0.99
13,60.3,0,0.0,0.5,0.02,0,0.8
13,63.1,0,0.5,0.3,0.02,0,0.8
13,60.7,0,0.995,0.5,0.01,0,0.6
13,62.2,0,0.1,0.3,0.01,0,0.6
13,62.1,0,0.0,0.3,0.005,0,0.8
13,62.9,0,0.3,0.3,0.005,0,0.8
13,62.9,0,0.7,0.3,0.005,0,0.8
13,62.6,0,0.3,0.3,0.02,0,0.8
13,62.5,0,0.5,0.3,0.02,0,0.6
13,63.2,0,0.995,0.3,0.01,0,0.6
13,62.7,0,0.7,0.3,0.02,0,0.6
14,61.9,0,0.0,0.5,0.01,0,0.8
14,48.0,0,0.99,0.7,0.02,0,0.9
14,58.2,0,0.1,0.7,0.02,0,0.7
14,63.1,0,0.99,0.3,0.01,0,0.6
14,63.2,0,0.7,0.3,0.02,0,0.8
14,63.2,0,0.7,0.3,0.02,0,0.9
14,60.7,0,0.95,0.5,0.02,0,0.7
14,60.0,0,0.5,0.3,0.04,0,0.995
14,44.5,0,0.9,0.7,0.01,0,0.995
14,62.4,0,0.99,0.3,0.02,0,0.6
14,57.9,0,0.0,0.5,0.04,0,0.95
14,61.7,0,0.7,0.5,0.01,0,0.6
14,44.4,0,0.995,0.3,0.03,0,0.99
14,63.3,0,0.9,0.3,0.01,0,0.6
14,62.8,0,0.5,0.5,0.01,0,0.995
14,57.8,0,0.3,0.7,0.04,0,0.95
14,62.5,0,0.5,0.3,0.02,0,0.6
14,63.5,0,0.7,0.3,0.005,0,0.7
14,63.2,0,0.995,0.3,0.01,0,0.6
14,53.7,0,0.995,0.5,0.005,0,0.9
14,63.4,0,0.3,0.5,0.005,0,0.9
14,61.3,0,0.7,0.7,0.01,0,0.9
14,29.4,0,0.95,0.7,0.02,0,0.99
14,62.3,0,0.99,0.3,0.03,0,0.7
14,59.3,0,0.95,0.5,0.04,0,0.8
14,62.5,0,0.99,0.3,0.005,0,0.8
14,61.4,0,0.95,0.3,0.03,0,0.9
14,57.6,0,0.7,0.7,0.02,0,0.6
14,58.6,0,0.3,0.7,0.03,0,0.995
14,61.4,0,0.1,0.5,0.02,0,0.9
14,62.6,0,0.3,0.3,0.02,0,0.8
14,62.1,0,0.7,0.5,0.005,0,0.6
14,62.9,0,0.3,0.3,0.02,0,0.95
14,59.3,0,0.1,0.5,0.03,0,0.99
14,56.1,0,0.9,0.5,0.02,0,0.995
14,62.9,0,0.3,0.3,0.005,0,0.8
14,62.8,0,0.99,0.3,0.005,0,0.6
14,60.1,0,0.9,0.5,0.01,0,0.95
14,57.2,0,0.3,0.7,0.04,0,0.995
14,58.9,0,0.7,0.7,0.005,0,0.6
14,62.1,0,0.1,0.7,0.01,0,0.99
14,62.5,0,0.7,0.3,0.005,0,0.95
14,62.8,0,0.1,0.5,0.005,0,0.8
14,61.7,0,0.5,0.5,0.02,0,0.8
14,62.9,0,0.7,0.3,0.005,0,0.8
14,63.1,0,0.5,0.3,0.02,0,0.8
14,63.4,0,0.5,0.3,0.005,0,0.8
14,61.6,0,0.7,0.5,0.02,0,0.8
14,62.3,0,0.3,0.3,0.02,0,0.7
14,62.9,0,0.95,0.3,0.02,0,0.7
14,59.8,0,0.1,0.7,0.02,0,0.99
14,61.2,0,0.0,0.3,0.01,0,0.99
14,62.2,0,0.7,0.5,0.005,0,0.99
14,62.5,0,0.1,0.5,0.005,0,0.99
14,62.3,0,0.0,0.7,0.005,0,0.99
14,63.1,0,0.1,0.7,0.005,0,0.99
14,47.1,0,0.995,0.7,0.01,0,0.9
14,63.1,0,0.7,0.3,0.01,0,0.6
14,60.9,0,0.1,0.5,0.02,0,0.99
14,60.8,0,0.5,0.3,0.005,0,0.99
14,62.7,0,0.5,0.3,0.005,0,0.9
14,62.9,0,0.7,0.3,0.005,0,0.9
14,62.3,0,0.5,0.3,0.02,0,0.99
15,63.1,0,0.5,0.3,0.005,0,0.7
15,61.3,0,0.9,0.3,0.005,0,0.95
15,62.2,0,0.7,0.3,0.02,0,0.99
15,62.9,0,0.1,0.7,0.005,0,0.9
15,57.6,0,0.0,0.7,0.03,0,0.9
15,58.7,0,0.99,0.7,0.01,0,0.6
15,59.2,0,0.1,0.3,0.03,0,0.995
15,57.7,0,0.7,0.7,0.04,0,0.99
15,60.8,0,0.0,0.3,0.02,0,0.6
15,63.0,0,0.0,0.5,0.005,0,0.95
15,61.7,0,0.7,0.5,0.01,0,0.6
15,26.5,0,0.95,0.7,0.04,0,0.995
15,62.3,0,0.3,0.3,0.02,0,0.7
15,61.4,0,0.0,0.7,0.005,0,0.8
15,62.9,0,0.3,0.3,0.005,0,0.8
15,49.1,0,0.99,0.5,0.04,0,0.95
15,62.5,0,0.5,0.3,0.005,0,0.95
15,63.2,0,0.7,0.3,0.02,0,0.9
15,57.7,0,0.1,0.5,0.03,0,0.6
15,47.6,0,0.995,0.7,0.03,0,0.9
15,60.3,0,0.1,0.3,0.01,0,0.995
15,63.2,0,0.9,0.3,0.005,0,0.8
15,63.1,0,0.99,0.3,0.01,0,0.6
15,62.8,0,0.1,0.5,0.005,0,0.8
15,63.2,0,0.7,0.3,0.02,0,0.8
15,57.2,0,0.3,0.7,0.03,0,0.7
15,42.5,0,0.995,0.3,0.04,0,0.995
15,59.5,0,0.3,0.5,0.04,0,0.9
15,58.9,0,0.1,0.3,0.005,0,0.995
15,60.6,0,0.995,0.5,0.005,0,0.8
15,63.0,0,0.5,0.3,0.02,0,0.9
15,59.5,0,0.7,0.5,0.03,0,0.6
15,62.9,0,0.7,0.3,0.005,0,0.8
15,46.6,0,0.995,0.7,0.005,0,0.9
15,62.6,0,0.3,0.3,0.02,0,0.8
15,62.9,0,0.5,0.3,0.005,0,0.6
15,61.6,0,0.95,0.3,0.005,0,0.9
15,63.4,0,0.9,0.3,0.01,0,0.7
15,62.8,0,0.5,0.3,0.01,0,0.6
15,61.7,0,0.7,0.3,0.03,0,0.99
15,61.3,0,0.5,0.7,0.005,0,0.9
15,62.8,0,0.99,0.3,0.005,0,0.6
15,62.7,0,0.5,0.3,0.005,0,0.9
15,60.7,0,0.99,0.3,0.01,0,0.9
15,63.3,0,0.9,0.3,0.01,0,0.6
15,63.1,0,0.7,0.3,0.01,0,0.6
15,56.6,0,0.995,0.7,0.01,0,0.8
15,45.5,0,0.9,0.7,0.005,0,0.995
15,63.3,0,0.5,0.5,0.005,0,0.8
15,57.5,0,0.3,0.7,0.04,0,0.99
15,59.4,0,0.1,0.3,0.04,0,0.99
15,34.4,0,0.995,0.7,0.005,0,0.95
15,62.2,0,0.7,0.5,0.005,0,0.8
15,63.1,0,0.5,0.3,0.02,0,0.8
15,62.5,0,0.99,0.3,0.005,0,0.8
15,63.4,0,0.5,0.3,0.005,0,0.8
15,62.9,0,0.3,0.3,0.02,0,0.9
15,63.4,0,0.3,0.5,0.005,0,0.9
15,62.7,0,0.3,0.3,0.005,0,0.9
15,62.5,0,0.7,0.5,0.005,0,0.9
15,60.0,0,0.1,0.3,0.03,0,0.6
15,62.9,0,0.7,0.3,0.005,0,0.9
15,62.7,0,0.1,0.3,0.005,0,0.8
16,48.6,0,0.9,0.7,0.005,0,0.99
16,28.2,0,0.995,0.5,0.02,0,0.99
16,61.9,0,0.0,0.5,0.01,0,0.8
16,63.1,0,0.5,0.3,0.02,0,0.8
16,62.9,0,0.5,0.3,0.005,0,0.6
16,63.1,0,0.7,0.3,0.01,0,0.6
16,58.8,0,0.5,0.5,0.04,0,0.7
16,62.0,0,0.7,0.5,0.01,0,0.995
16,63.1,0,0.99,0.3,0.01,0,0.6
16,57.6,0,0.0,0.7,0.03,0,0.9
16,47.0,0,0.99,0.5,0.01,0,0.95
16,60.2,0,0.1,0.3,0.02,0,0.995
16,62.8,0,0.99,0.3,0.005,0,0.6
16,44.4,0,0.995,0.3,0.03,0,0.99
16,59.4,0,0.0,0.3,0.04,0,0.95
16,58.2,0,0.7,0.7,0.04,0,0.9
16,59.5,0,0.1,0.7,0.02,0,0.8
16,61.4,0,0.3,0.5,0.02,0,0.99
16,62.5,0,0.7,0.5,0.005,0,0.9
16,60.0,0,0.0,0.3,0.03,0,0.7
16,62.3,0,0.5,0.5,0.02,0,0.99
16,61.6,0,0.95,0.3,0.02,0,0.9
16,61.8,0,0.7,0.3,0.01,0,0.995
16,61.6,0,0.95,0.3,0.005,0,0.9
16,60.0,0,0.1,0.3,0.03,0,0.6
16,62.5,0,0.99,0.3,0.005,0,0.8
16,56.4,0,0.995,0.3,0.02,0,0.95
16,35.8,0,0.995,0.7,0.01,0,0.95
16,63.2,0,0.7,0.3,0.02,0,0.8
16,61.8,0,0.0,0.5,0.005,0,0.99
16,62.7,0,0.5,0.3,0.005,0,0.9
16,63.0,0,0.5,0.3,0.02,0,0.9
16,62.7,0,0.95,0.3,0.005,0,0.6
16,61.3,0,0.9,0.3,0.005,0,0.95
16,62.8,0,0.3,0.7,0.005,0,0.9
16,60.4,0,0.3,0.7,0.01,0,0.7
16,43.7,0,0.995,0.3,0.005,0,0.99
16,61.9,0,0.3,0.3,0.02,0,0.99
16,62.8,0,0.1,0.5,0.01,0,0.9
16,62.5,0,0.5,0.3,0.02,0,0.6
16,58.0,0,0.9,0.3,0.005,0,0.995
16,61.0,0,0.3,0.7,0.02,0,0.95
16,62.9,0,0.0,0.7,0.005,0,0.9
16,59.5,0,0.0,0.5,0.03,0,0.9
16,62.9,0,0.7,0.3,0.005,0,0.8
16,60.7,0,0.3,0.7,0.02,0,0.99
16,63.3,0,0.7,0.3,0.01,0,0.95
16,59.7,0,0.99,0.7,0.005,0,0.7
16,61.7,0,0.5,0.5,0.02,0,0.8
16,61.5,0,0.0,0.3,0.02,0,0.8
16,63.4,0,0.5,0.3,0.005,0,0.8
16,62.4,0,0.99,0.3,0.02,0,0.8
16,62.9,0,0.3,0.3,0.02,0,0.9
16,60.7,0,0.99,0.3,0.02,0,0.9
16,63.2,0,0.9,0.3,0.01,0,0.8
16,61.3,0,0.7,0.5,0.02,0,0.995
16,61.3,0,0.0,0.5,0.005,0,0.7
16,63.1,0,0.5,0.3,0.005,0,0.7
16,57.9,0,0.95,0.3,0.02,0,0.99
16,62.2,0,0.7,0.5,0.005,0,0.8
16,63.0,0,0.0,0.5,0.005,0,0.95
16,62.5,0,0.5,0.3,0.005,0,0.95
16,63.2,0,0.9,0.3,0.005,0,0.8
17,62.6,0,0.3,0.3,0.02,0,0.8
17,47.5,0,0.9,0.7,0.02,0,0.99
17,52.1,0,0.95,0.7,0.005,0,0.9
17,58.2,0,0.7,0.7,0.04,0,0.9
17,60.6,0,0.7,0.7,0.01,0,0.99
17,59.8,0,0.3,0.7,0.005,0,0.6
17,57.8,0,0.9,0.7,0.03,0,0.7
17,62.4,0,0.99,0.3,0.02,0,0.8
17,62.7,0,0.1,0.3,0.005,0,0.8
17,56.2,0,0.99,0.7,0.04,0,0.6
17,63.7,0,0.3,0.3,0.01,0,0.9
17,62.3,0,0.995,0.3,0.03,0,0.7
17,48.3,0,0.99,0.7,0.03,0,0.9
17,58.8,0,0.1,0.5,0.03,0,0.995
17,62.2,0,0.7,0.5,0.005,0,0.8
17,61.9,0,0.0,0.5,0.01,0,0.8
17,63.4,0,0.3,0.3,0.01,0,0.8
17,59.5,0,0.5,0.5,0.04,0,0.8
17,63.4,0,0.5,0.3,0.005,0,0.8
17,61.9,0,0.7,0.3,0.04,0,0.95
17,60.2,0,0.0,0.5,0.005,0,0.6
17,61.3,0,0.9,0.3,0.005,0,0.95
17,58.0,0,0.9,0.3,0.005,0,0.995
17,24.3,0,0.99,0.7,0.04,0,0.995
17,60.7,0,0.95,0.5,0.02,0,0.7
17,60.8,0,0.7,0.3,0.04,0,0.6
17,60.1,0,0.7,0.5,0.04,0,0.9
17,59.5,0,0.0,0.5,0.02,0,0.7
17,61.8,0,0.1,0.3,0.02,0,0.8
17,61.5,0,0.0,0.3,0.02,0,0.8
17,62.5,0,0.7,0.3,0.03,0,0.9
17,61.3,0,0.7,0.5,0.02,0,0.995
17,62.7,0,0.7,0.3,0.02,0,0.6
17,57.5,0,0.99,0.3,0.02,0,0.95
17,62.4,0,0.99,0.3,0.02,0,0.6
17,62.6,0,0.0,0.3,0.01,0,0.8
17,60.1,0,0.5,0.5,0.04,0,0.9
17,63.1,0,0.5,0.3,0.02,0,0.8
17,63.3,0,0.7,0.3,0.01,0,0.95
17,57.1,0,0.0,0.5,0.04,0,0.8
17,62.8,0,0.99,0.3,0.005,0,0.6
17,61.6,0,0.95,0.3,0.005,0,0.9
17,62.5,0,0.99,0.3,0.02,0,0.7
17,60.0,0,0.0,0.3,0.03,0,0.7
17,59.9,0,0.5,0.5,0.03,0,0.7
17,62.9,0,0.5,0.3,0.005,0,0.6
17,62.6,0,0.9,0.3,0.02,0,0.6
17,62.5,0,0.5,0.3,0.02,0,0.6
17,58.6,0,0.9,0.7,0.02,0,0.7
17,25.7,0,0.99,0.5,0.03,0,0.995
17,61.7,0,0.7,0.3,0.03,0,0.99
17,63.2,0,0.9,0.3,0.005,0,0.8
17,62.6,0,0.0,0.5,0.005,0,0.9
17,59.8,0,0.9,0.5,0.005,0,0.95
17,62.5,0,0.7,0.3,0.005,0,0.95
17,62.5,0,0.5,0.3,0.005,0,0.95
17,60.0,0,0.99,0.3,0.005,0,0.9
17,62.5,0,0.7,0.5,0.005,0,0.9
17,62.9,0,0.7,0.3,0.005,0,0.8
17,60.7,0,0.99,0.5,0.005,0,0.8
17,63.1,0,0.7,0.3,0.01,0,0.6
17,62.7,0,0.95,0.3,0.005,0,0.6
17,62.1,0,0.9,0.3,0.005,0,0.9
18,60.8,0,0.99,0.5,0.01,0,0.8
18,58.9,0,0.95,0.5,0.02,0,0.9
18,61.6,0,0.1,0.5,0.005,0,0.995
18,59.9,0,0.5,0.5,0.04,0,0.99
18,59.8,0,0.7,0.5,0.03,0,0.7
18,60.4,0,0.95,0.5,0.02,0,0.6
18,52.9,0,0.95,0.7,0.02,0,0.9
18,59.3,0,0.1,0.5,0.03,0,0.99
18,36.8,0,0.99,0.7,0.01,0,0.95
18,60.9,0,0.0,0.5,0.005,0,0.995
18,46.6,0,0.995,0.7,0.005,0,0.9
18,61.9,0,0.7,0.3,0.04,0,0.95
18,59.5,0,0.9,0.5,0.04,0,0.9
18,61.6,0,0.7,0.5,0.005,0,0.995
18,47.1,0,0.95,0.7,0.01,0,0.95
18,63.4,0,0.3,0.3,0.01,0,0.8
18,57.8,0,0.3,0.7,0.04,0,0.95
18,62.9,0,0.7,0.3,0.005,0,0.8
18,57.8,0,0.3,0.7,0.04,0,0.95
18,59.7,0,0.99,0.5,0.03,0,0.8
18,58.9,0,0.1,0.3,0.005,0,0.995
18,63.0,0,0.9,0.3,0.005,0,0.7
18,58.3,0,0.0,0.3,0.04,0,0.6
18,60.6,0,0.3,0.3,0.04,0,0.8
18,63.2,0,0.9,0.3,0.01,0,0.8
18,58.6,0,0.5,0.7,0.02,0,0.8
18,61.5,0,0.7,0.3,0.04,0,0.7
18,61.8,0,0.1,0.3,0.02,0,0.8
18,56.8,0,0.9,0.7,0.02,0,0.9
18,61.7,0,0.5,0.5,0.02,0,0.8
18,61.5,0,0.0,0.3,0.02,0,0.8
18,61.0,0,0.95,0.3,0.04,0,0.6
18,60.5,0,0.9,0.3,0.02,0,0.99
18,63.2,0,0.9,0.3,0.005,0,0.8
18,63.5,0,0.7,0.3,0.01,0,0.9
18,62.3,0,0.995,0.3,0.03,0,0.7
18,61.5,0,0.7,0.3,0.04,0,0.7
18,62.9,0,0.3,0.3,0.005,0,0.8
18,62.7,0,0.7,0.3,0.02,0,0.6
18,61.9,0,0.995,0.3,0.03,0,0.8
18,60.5,0,0.1,0.7,0.02,0,0.95
18,62.0,0,0.5,0.3,0.03,0,0.8
18,57.7,0,0.995,0.7,0.03,0,0.7
18,63.4,0,0.5,0.3,0.005,0,0.8
18,61.1,0,0.3,0.3,0.04,0,0.9
18,45.3,0,0.995,0.3,0.04,0,0.99
18,62.1,0,0.9,0.3,0.03,0,0.7
18,62.6,0,0.0,0.5,0.005,0,0.9
18,62.5,0,0.5,0.3,0.005,0,0.95
18,61.3,0,0.9,0.3,0.005,0,0.95
18,58.9,0,0.995,0.5,0.04,0,0.8
18,55.3,0,0.95,0.3,0.005,0,0.99
18,63.1,0,0.5,0.3,0.02,0,0.8
18,62.6,0,0.0,0.3,0.01,0,0.8
18,63.0,0,0.5,0.3,0.02,0,0.9
18,61.3,0,0.1,0.5,0.01,0,0.7
18,60.6,0,0.995,0.3,0.01,0,0.9
18,63.7,0,0.3,0.3,0.01,0,0.9
18,62.8,0,0.5,0.3,0.01,0,0.6
18,61.2,0,0.95,0.5,0.005,0,0.7
18,63.0,0,0.9,0.3,0.005,0,0.6
18,63.1,0,0.7,0.3,0.01,0,0.6
18,62.6,0,0.3,0.3,0.02,0,0.8
19,48.6,0,0.99,0.7,0.04,0,0.9
19,61.1,0,0.3,0.3,0.04,0,0.9
19,62.3,0,0.995,0.3,0.03,0,0.7
19,61.8,0,0.0,0.3,0.005,0,0.6
19,62.9,0,0.7,0.3,0.005,0,0.8
19,48.5,0,0.95,0.5,0.04,0,0.99
19,57.5,0,0.99,0.3,0.02,0,0.95
19,61.1,0,0.7,0.3,0.03,0,0.995
19,62.9,0,0.3,0.3,0.005,0,0.8
19,62.9,0,0.3,0.3,0.005,0,0.8
19,61.3,0,0.995,0.3,0.04,0,0.7
19,61.2,0,0.95,0.5,0.005,0,0.7
19,59.6,0,0.5,0.7,0.02,0,0.995
19,48.0,0,0.99,0.7,0.02,0,0.9
19,56.8,0,0.99,0.3,0.01,0,0.95
19,62.6,0,0.3,0.3,0.02,0,0.8
19,56.9,0,0.0,0.7,0.02,0,0.6
19,59.0,0,0.9,0.7,0.005,0,0.6
19,61.3,0,0.9,0.5,0.005,0,0.7
19,59.8,0,0.9,0.5,0.03,0,0.9
19,61.6,0,0.7,0.5,0.02,0,0.8
19,59.5,0,0.9,0.5,0.04,0,0.9
19,61.3,0,0.1,0.5,0.01,0,0.7
19,61.8,0,0.7,0.5,0.01,0,0.7
19,61.3,0,0.99,0.3,0.04,0,0.7
19,27.7,0,0.99,0.5,0.005,0,0.995
19,25.7,0,0.99,0.5,0.03,0,0.995
19,59.4,0,0.9,0.5,0.04,0,0.8
19,61.5,0,0.95,0.3,0.04,0,0.8
19,63.1,0,0.1,0.5,0.005,0,0.95
19,62.8,0,0.95,0.3,0.01,0,0.8
19,47.7,0,0.99,0.7,0.005,0,0.9
19,60.1,0,0.995,0.3,0.03,0,0.9
19,61.6,0,0.1,0.5,0.005,0,0.995
19,28.8,0,0.99,0.5,0.01,0,0.99
19,60.0,0,0.7,0.7,0.01,0,0.995
19,44.4,0,0.995,0.3,0.03,0,0.99
19,62.9,0,0.5,0.3,0.005,0,0.6
19,61.3,0,0.9,0.3,0.005,0,0.95
19,61.4,0,0.9,0.3,0.04,0,0.9
19,58.8,0,0.1,0.5,0.03,0,0.995
19,62.5,0,0.5,0.3,0.005,0,0.95
19,63.1,0,0.995,0.3,0.005,0,0.6
19,63.0,0,0.9,0.3,0.005,0,0.6
19,58.7,0,0.95,0.5,0.03,0,0.9
19,60.7,0,0.3,0.7,0.02,0,0.99
19,59.2,0,0.1,0.3,0.03,0,0.995
19,26.6,0,0.995,0.5,0.005,0,0.995
19,59.8,0,0.9,0.5,0.03,0,0.9
19,60.7,0,0.3,0.3,0.03,0,0.99
19,60.6,0,0.3,0.3,0.04,0,0.8
19,60.1,0,0.7,0.7,0.01,0,0.8
19,61.8,0,0.3,0.3,0.03,0,0.8
19,58.8,0,0.99,0.7,0.005,0,0.6
19,63.2,0,0.9,0.3,0.005,0,0.8
19,63.4,0,0.3,0.3,0.01,0,0.8
19,63.2,0,0.9,0.3,0.01,0,0.8
19,63.1,0,0.5,0.3,0.02,0,0.8
19,63.0,0,0.9,0.3,0.005,0,0.7
19,59.3,0,0.7,0.7,0.02,0,0.8
19,62.8,0,0.1,0.5,0.005,0,0.8
19,61.9,0,0.995,0.3,0.03,0,0.8
19,61.6,0,0.1,0.5,0.005,0,0.7
20,59.2,0,0.5,0.5,0.03,0,0.6
20,60.3,0,0.5,0.5,0.02,0,0.6
20,22.7,0,0.995,0.7,0.01,0,0.995
20,59.4,0,0.9,0.5,0.04,0,0.8
20,62.5,0,0.5,0.3,0.005,0,0.95
20,61.6,0,0.5,0.5,0.01,0,0.6
20,58.9,0,0.3,0.5,0.04,0,0.8
20,61.2,0,0.7,0.5,0.03,0,0.95
20,63.2,0,0.5,0.5,0.005,0,0.9
20,62.7,0,0.7,0.3,0.02,0,0.6
20,61.3,0,0.9,0.3,0.005,0,0.95
20,61.6,0,0.1,0.5,0.005,0,0.7
20,62.8,0,0.95,0.3,0.01,0,0.8
20,62.7,0,0.3,0.3,0.005,0,0.9
20,60.5,0,0.9,0.3,0.02,0,0.99
20,58.4,0,0.9,0.5,0.04,0,0.6
20,60.2,0,0.9,0.3,0.03,0,0.99
20,57.7,0,0.95,0.5,0.04,0,0.9
20,61.3,0,0.95,0.5,0.01,0,0.7
20,63.3,0,0.5,0.3,0.01,0,0.95
20,60.1,0,0.0,0.3,0.01,0,0.995
20,58.9,0,0.995,0.5,0.04,0,0.7
20,61.1,0,0.1,0.5,0.005,0,0.6
20,61.1,0,0.3,0.3,0.04,0,0.9
20,58.8,0,0.5,0.7,0.01,0,0.7
20,60.8,0,0.995,0.5,0.005,0,0.6
20,63.1,0,0.995,0.3,0.005,0,0.6
20,61.3,0,0.99,0.3,0.04,0,0.7
20,62.6,0,0.7,0.5,0.005,0,0.95
20,61.4,0,0.9,0.3,0.04,0,0.9
20,57.8,0,0.9,0.7,0.03,0,0.7
20,63.1,0,0.5,0.3,0.02,0,0.8
20,63.2,0,0.9,0.3,0.01,0,0.8
20,60.1,0,0.7,0.7,0.01,0,0.8
20,63.0,0,0.9,0.3,0.005,0,0.6
20,61.2,0,0.9,0.5,0.005,0,0.8
20,59.6,0,0.995,0.5,0.03,0,0.8
20,62.0,0,0.5,0.3,0.03,0,0.8
20,59.8,0,0.3,0.7,0.02,0,0.8
20,62.0,0,0.99,0.3,0.03,0,0.8
20,54.2,0,0.9,0.7,0.01,0,0.95
20,56.7,0,0.1,0.7,0.04,0,0.9
20,59.9,0,0.95,0.5,0.03,0,0.7
20,61.3,0,0.995,0.3,0.04,0,0.7
20,61.8,0,0.3,0.3,0.03,0,0.9
20,62.6,0,0.995,0.3,0.01,0,0.8
20,63.0,0,0.95,0.3,0.01,0,0.6
20,55.6,0,0.995,0.7,0.04,0,0.8
20,63.1,0,0.1,0.5,0.005,0,0.95
20,61.3,0,0.7,0.7,0.01,0,0.95
20,62.9,0,0.3,0.3,0.02,0,0.95
20,61.1,0,0.995,0.3,0.04,0,0.8
20,60.8,0,0.7,0.5,0.02,0,0.6
20,63.0,0,0.9,0.3,0.005,0,0.7
20,62.7,0,0.99,0.3,0.01,0,0.8
20,63.4,0,0.3,0.3,0.01,0,0.8
20,63.1,0,0.5,0.3,0.005,0,0.7
20,62.3,0,0.995,0.3,0.03,0,0.7
20,59.5,0,0.5,0.7,0.01,0,0.8
20,63.2,0,0.7,0.3,0.02,0,0.8
20,48.0,0,0.99,0.7,0.02,0,0.9
20,62.9,0,0.5,0.3,0.005,0,0.6
20,60.1,0,0.3,0.3,0.04,0,0.7
21,62.1,0,0.9,0.3,0.03,0,0.7
21,61.4,0,0.3,0.5,0.02,0,0.99
21,63.0,0,0.0,0.7,0.005,0,0.95
21,56.8,0,0.99,0.7,0.04,0,0.7
21,62.2,0,0.7,0.3,0.02,0,0.99
21,59.5,0,0.0,0.3,0.03,0,0.6
21,26.0,0,0.99,0.5,0.01,0,0.995
21,61.1,0,0.3,0.7,0.005,0,0.7
21,62.1,0,0.0,0.7,0.01,0,0.95
21,55.9,0,0.9,0.5,0.005,0,0.99
21,55.9,0,0.1,0.7,0.04,0,0.995
21,63.0,0,0.95,0.3,0.01,0,0.6
21,62.0,0,0.5,0.3,0.03,0,0.8
21,63.0,0,0.9,0.3,0.005,0,0.7
21,60.8,0,0.7,0.5,0.02,0,0.6
21,55.3,0,0.3,0.7,0.04,0,0.6
21,60.6,0,0.995,0.5,0.005,0,0.8
21,52.7,0,0.95,0.7,0.04,0,0.9
21,59.6,0,0.3,0.7,0.03,0,0.95
21,55.8,0,0.1,0.7,0.04,0,0.8
21,63.1,0,0.5,0.3,0.005,0,0.7
21,58.5,0,0.1,0.5,0.04,0,0.95
21,59.0,0,0.95,0.5,0.04,0,0.7
21,63.3,0,0.995,0.3,0.01,0,0.7
21,60.7,0,0.995,0.5,0.01,0,0.8
21,58.5,0,0.1,0.3,0.04,0,0.995
21,62.6,0,0.995,0.3,0.01,0,0.8
21,53.8,0,0.9,0.7,0.03,0,0.95
21,60.3,0,0.5,0.5,0.04,0,0.95
21,62.1,0,0.7,0.5,0.02,0,0.9
21,60.5,0,0.9,0.3,0.01,0,0.99
21,63.7,0,0.7,0.3,0.01,0,0.8
21,60.8,0,0.5,0.3,0.005,0,0.99
21,60.3,0,0.9,0.5,0.02,0,0.6
21,60.3,0,0.5,0.5,0.02,0,0.6
21,58.7,0,0.1,0.7,0.01,0,0.6
21,63.9,0,0.5,0.5,0.01,0,0.95
21,63.0,0,0.0,0.5,0.005,0,0.95
21,55.3,0,0.95,0.3,0.005,0,0.99
21,56.4,0,0.995,0.3,0.02,0,0.95
21,63.1,0,0.1,0.5,0.005,0,0.95
21,58.0,0,0.9,0.3,0.005,0,0.995
21,62.8,0,0.95,0.3,0.01,0,0.8
21,63.4,0,0.3,0.3,0.01,0,0.8
21,62.8,0,0.5,0.3,0.01,0,0.6
21,62.9,0,0.5,0.3,0.005,0,0.6
21,63.0,0,0.995,0.3,0.005,0,0.7
21,58.5,0,0.1,0.7,0.03,0,0.9
21,62.5,0,0.0,0.5,0.005,0,0.8
21,62.5,0,0.5,0.3,0.005,0,0.95
21,62.8,0,0.1,0.5,0.005,0,0.8
21,63.2,0,0.9,0.3,0.01,0,0.8
21,61.2,0,0.995,0.3,0.04,0,0.6
21,63.1,0,0.995,0.3,0.005,0,0.6
21,62.5,0,0.5,0.3,0.03,0,0.95
21,63.3,0,0.5,0.3,0.01,0,0.95
21,63.0,0,0.1,0.3,0.01,0,0.8
21,61.2,0,0.9,0.5,0.005,0,0.8
21,61.6,0,0.1,0.5,0.005,0,0.7
21,62.3,0,0.995,0.3,0.03,0,0.7
21,61.3,0,0.9,0.3,0.04,0,0.7
21,61.3,0,0.995,0.3,0.04,0,0.7
21,63.4,0,0.5,0.5,0.005,0,0.95
